petru,petr,petro,петер,πετρος,петр,пјер,პეტრე,peter,pere,петър,petrus,pero,pete,petras,пьер,pjotr,педро,пьотър,pyotr,pedro,петро,петар,պյոտր
жозеп, хосеп,џозеф,ჯოზეფ,խոսե,араужо,ხოსე,ζοζεφ,araujo,ժոզեֆ,jos,յոզեֆ,хосе,жозе,jose,josephus,юзеф,yosef,јозеф,жозеф,xose,jozef,josep,josef,хозе,joseph,джозеф,χοσε,ջոզեֆ,jozsef
пачеко,pacheco
jake,жак,хауме,jaap,jacques,yakov,jakov,jokubas,jaume,жакоб,ჟაკ,jakob,jac,jaques,яков,jakub,якоб,յակոբ,jakab,jakow,јакоб,якуб,james,yaakov,јаков,jacobus,џејмс,jacob,ջեյմս
џон,јохан,јован,յան,յոհան,юхан,јан,τζον,jovan,фон,ժան,жан,joannes,χουαν,johnny,juan,ფონ,хоан,jonas,янош,john,johannes,joao,джон,ჯონ,ჟან,ζαν,ջոն,χανς,jack,johan,ханс,janos,ганс,jan,хуан,hans,jean,joan,ջեք,johann
johanna,juana,жанна,jeanne,joanna,joana
ջեֆ,jeffrey,jeff,џеф
gyorgy,георг,georges,george,georg,jerzy,jorge
jana,yana,яна
џеф,jeff,ջեֆ,джефф,jeffrey,jeffery
ջեյն,jane
joel,ջոել,жоэль,жоель
jonnet,ջանեթ,janet,jannet,jonet
jerusalem,jerusalen,jeruzalem,gerusalemme
jezusa,jezus,gesu,jesus,хесус
shawn,shaun,шон,շոն,шоун
юсуф,yusuf,jusuf,јусуф
пачеко,pacheco
хорват,horvath
αντολφ,aadolf,ადოლფ,адолф,αδολφος,dolf,адольфо,adolph,ადოლფო,adolf,adolfas,adolfo,ադոլֆ,adolphe,адольф,adolphus
age,aage,оге,ааге
aharon,аарон,aaron,aron,ահարոն,aarao
abadessa,abbess
abaev,абаев,աբաեւ
abakumow,абакумов,abakumov
abbas,αμπας,аббас
аббон,abbo
աբդ,αμπου,abdur,abdul,абуль,ebu,abdullah,աբդալլահ,աբու,abu,abdel,абдаллах,abdal,abdulla,абдулах,абдул,абдулла,abd,აბდ,აბუ,абд,абдула,աբդուլ,abul,abdala,абдалла,abdallah,абдель,абу,abou,абдуллах
абдрахманов,abdrachmanov,abdrakhmanov
abdullayev,абдуллаев,աբդուլաեւ,абдуллаєв
абел,авель,αμπελ,abel,абель
abramo,αβρααμ,აბრაამ,abram,абраам,абрам,avraham,авраам,абрагам,աբրահամ,ավրաամ,avraam,awraham,abraham,абрахам
abrahamson,абрагамсон
abramjan,абрамян,աբրահամյան,abrahamyan
աբրամով,abramow,abramov,абрамов
abramowa,абрамова,abramova
achmad,ахмад
achmet,ահմեդ,achmed,ahmed,აჰმედ,ahmad,akhmed,αχμετ,ахмет,ахмед,ahmet,akhmet
achmedov,əhmədov,akhmedov,ахмедов
akhmetov,achmetow,ахметов
ашот,ashot,aszot,achot,աշոտ
ashraf,aschraf,esref,aszraf,ашраф,asraf,achraf
ада,αντα,ada
adad,addu
adalbero,adalberon
ალბერტ,ალბრეხტ,albrecht,ալբերտո,alfred,alfredas,ալբեր,албрехт,альберто,алберт,alfreds,albertas,алфред,αδαλβερτος,ალფრედ,адальберт,αλμπερτ,ալֆրեդ,αλμπερτο,албер,ალბერტო,albertus,альберт,альбер,αλμπρεχτ,альфред,ալբերտ,adalbert,адалберт,albert,αλβερτος,αλφρεντ,алберто,alberto,adalberto,ალბერ,albrekt,альбрехт
ανταμ,ադամ,ադամս,адам,adan,адамс,ανταμς,adamsova,adams,adam,adomas
adler,адлер
ахенобарб,агенобарб,enobarbo,aenobarb,ahenobarbus
aeropo,ероп,aeropos,aeropus
afanasjew,afanasjev,афанасьев,afanassjew,afanasyev
afanasyeva,afanassjewa,афанасьева
афонсо,альфонсо,ალფონსო,алфонсо,αλφονσος,alfonz,альфонс,alfons,alonso,alfonsas,alfonso,алфонс,alphonse,alphonsus,afonso,алонсо,афонсу,აფონსუ
агафонов,agafonow
agarwal,агарвал
agatangel,агафангел,агатангел
агата,agatha,agathe
agatocles,agatocle,αγαθοκλης,agathocles,agathokles
агафон,αγαθων,agaton,агатон,agatone,agathon
agawa,агава
агеев,ageev,agejev,ageyev,agejew
аженор,agenor
angelo,ангелос,անջելո,aggelos,анхело,angeł,анхель,angelos,agnolo,anhel,ејнџел,angel,anghel,анж,angelus,анджело,ανχελ,αγγελος,анхел,ангел,ange,анжело,անխել
aghajanyan,աղաջանյան
ագնես,агнес,агнеш,agnes,αγνη,agnese,агнесса,агнеса,аньес,აგნეს
agnew,эгнью
ωγκυστ,αυγουστος,αυγουστα,аугусто,augustas,agost,augusto,ავგუსტ,αουγκουστο,avgust,август,augusta,августо,августа,օգյուստ,august,awgust,αουγκουστ,auguste,augustyn,աուգուստո,аугуст,огюст,auguszta,augustus,авґуст,ավգուստ
агала,ahala
ahema,aqama
ahmose,ahmes,ahmesz,jahmesz,яхмос
ахундов,akhundov,ahundov
aja,aya
аяка,ajaka,ayaka
ayrat,ajrat
akazawa,акадзава
ахмадов,akhmadov
akhmedova,ахмедова
ахтар,akhtar
акопян,hakobyan,հակոբյան,hakobjan,akopyan,akopjan
актер,aktjor
akutagawa,акутагава
алан,alan
alban,alba
альбре,albret
albus,алб
aldo,альдо,αλντο,алдо,ալդո
oleh,ołeh,օլեգ,ολεγκ,олег,olegs,oleg,aleh,ოლეგ,olegas
alejandra,алехандра
alexandrosz,александру,алешандре,αλεξανδρος,ალექსანდრე,aleksandros,олександр,alekszandr,aleksandar,aleksandr,александрос,ałeksandar,алессандро,oleksandr,ołeksandr,αλεχαντρο,александер,alexandru,алехандро,александр,alexandre,aleksandras,olexandr,olekszandr,alexandr,alexander,александрс,александър,αλεξαντερ,αλεξαντρ,алесандро,ալեքսանդր,alejandro,oleksander,aleksandrs,aleksander,александар,olexander,alessandro,alexandros
алехо,alejo
alessandra,αλεξανδρα,олександра,aleksandra,ալեքսանդրա,alexandra,александра,alekszandra
александров,alexandrow,alexandrov,aleksandrov,alekszandrov,aleksandrow
aleksandrova,alexandrowa,александрова,alexandrova
alexandrowna,aleksandrowna,alexandrovna,aleksandrovna,александровна,αλεξαντροβνα,ալեքսանդրովնա,alekszandrovna
aleksanjan,ալեքսանյան,алексанян
алексејев,ալեքսեեւ,alexeev,alekszejev,алексєєв,alexejev,алексеев,alekseev,alexeyev,alexejew,alekseyev,aleksejev
alekseyevna,alekseevna,aleksejevna,alexejewna,алексеевна,alexejevna,ալեքսեեւնա
aleksej,aleksy,alexey,алексеј,alekszej,aleksejus,alexej,aleksey,ալեքսեյ
alekseyeva,alexejewa,алексеева,aleksejeva
olena,ελενα,հելենա,jelena,јелена,хелена,հելեն,ელენა,елена,єлена,алена,ελεν,элен,helena,alena,хелен,ելենա,yelena,helen,ołena,гелен,helene,ελενη,олена,гелена,elena,γελενα,lena
alencon,alenconu,алансон
alfyorov,alfjorov,алферов
alfredo,альфредо
alyaksey,aljaksej
alla,ałła,алла
lah,allah
allegra,аллегра
altars,altare,ołtarza,altaar,altar,oltare
altenburg,altemburgo,альтенбургская,алтенбург,altenbourg,αλτενμπουρκ,altenburska,альтенбурзька
altere,oudere,eldre,ældre,elder
альтхаус,althaus
альтшулер,altshuler
alvarez,альварес,αλβαρεζ
alvaro,αλβαρο,альваро
amade,amadeo,amadeusz,amadeu,amedeo,amadeus,amedee
амаяк,հմայակ,amajak
amakawa,амакава
արման,арман,armand,amandus,amand,αρμαν
mandy,amanda
amato,amatus
ambust,амбуст,ambusto,ambustus
ამენემჰეტ,аменемхет,amenemhat,amenemes,amenemhet
anasztaz,anastase,anastazy
anatolevna,anatoljewna,анатольевна,anatoljevna
андерсон,andersonova,anderson
andonow,andonov,андонов
андонова,andonova,andonowa
αντρεα,andreas,ανδρεας,андреас,andrea,andrej,андрю,андрес,անդրեա,andrew,andrey,ендрю,andy,andrzej,андреја,andres,andras,анджеј,ендрју,andreu,эндрю,էնդրյու,ondrej,ендру,андре,андреј,andre,андреа,անդրեյ,andrejus
andreev,андреєв,андреев,անդրեեւ,andreyev,andrejew,андрєєв,andrejev
andrejewa,andreyeva,андреева,andrejeva,andreeva
andrejevna,andreevna,andreyevna,andrejewna,андреевна
androsthenes,androstene
анхела,анжела,angela,ангела,анджела,անջելա,անժելա,anzhela,αντζελα
angels,angeles,анхелес
angelopoulos,αγγελοπουλος
angełow,angelov,angelow,ангелов
angelowa,ангелова,angelova
angulema,angouleme,ανγκουλεμ
ανγκους,angus
ангальт,ανχαλτ,анхальт,анхалт,anhalt
ања,аня,anja
antef,anjotef
анжу,anjou,ανζου
ansbach,ансбах,ansbassky,ανσμπαχ,ансбахская
anselme,anselmus,ансельм,anselm
antony,anthony,antal,anton,антон,anthon
antje,антье
антонов,antonov,antonow
antonova,антонова,antonowa
antonowna,антоновна
анвар,anwar,anvar
anzu,андзу
аояма,aojama
aosta,αοστας
аодзора,aozora
apostol,apostelen,апостол,apastalas
apel,apeles,апеллес
apollodorus,apolodoro,απολλοδωρος,apollodoro,аполлодор,apollodore,apollodoros,apollodor
apollon,аполлон
aragao,aragon,арагон,αραγκο,aragona,арагона,arago
arakawa,аракава
habsbursko,հաբսբուրգ,habsburgu,габсбурґ,habsbourg,хабсбург,габсбург,habsburg,habsburgo,habsbursky,habsburzanka,archduke,habsburska
archelaos,archelaus,arquelau,archelao,αρχελαος,arquelao
archer,арчер
areta,aretas,арета
argo,argos
argyre,argyros,αργυρος
argyro,αργυρω
αργυροπουλος,argyropoulos
arjan,арьян
arje,арье,aryeh
arle,arles
armagnac,armagnacu,арманьяк,armanyac
αρμστρονγκ,армстронг,armstrong
arnulfo,арнулф,arnolfo,арнолд,arnould,арнольд,arnulf,arnoud,arnaldo,առնո,arnoul,арнульф,αρνολντ,arnold,арно,арнуль,առնոլդ,αρνουλφος,arnolds,arnau,arnaud,arnoldus
ърнест,ернст,ερνεστος,ernst,ernest,эрнст,ернест,arnost,эрнест,ernesto,ernstas,ερνεστ
арпад,αρπαντ,arpad
арсам,arsames,αρσαμης,arsame
arschak,arshak,аршак,արշակ
арсеньев,arsenyev,arsenjew
αρτουρ,არტურ,արթուր,αρθουρ,arturo,αρτυρ,artur,арт,артур,артър,arthur,артурс,arturs,ართურ,arturas,αρθουρος,art,артюр
artashes,արտաշես,არტაშეს,artasches,арташес
արտավազդ,artavasdes,артавазд,artavazde
artem,artemjev,артемьев,artyom,артем,artemyev,արտյոմ,artjom
artemon,artemo,artemone
artjomenko,артеменко
артемов,artjomov
асакава,asakawa
азаров,asarow,azarov
asbjørn,асбьерн
эшер,aszer,ascher,aser,usher,asher,ашер
hasdrubal,хасдрубал,гасдрубал,asdrubal,asdrubale
асеев,aseev
asenova,assenowa
ashok,ашок
ештон,αστον,ashton,эштон,էշթոն
აშურ,ασουρ,ашшур,ashur,aszur,assur
asłan,аслан,aslan
asparukh,аспарух
аспренат,asprenate,asprenas
astakhov,astachov,астахов
астахова,astakhova
attalos,атал,attalus,attalo,ατταλος,аттал,atal,attale,atalo
atanasov,atanassow,атанасов
athen,athenes,athens,aten,atenes,atene,atenas
atenodoro,athenodorus,atenodor,athenodoros,αθηνοδωρος
athena,αθηνα
atherton,атертон
этвуд,atwood
обер,aubert
augustenborg,augustenbourg,augustenburg
aulus,авъл,aule,aulo,авл
аврора,aurora
autumn,отем
овернь,auvergne
avagyan,авакян,авагян,ավագյան,avakyan
avdeyev,avdejev,авдеев
аверьянов,averjanov,averyanov
averoff,αβερωφ
avram,αβραμ
avramov,awramow,аврамов
awad,авад
аванг,awang
awano,авано
ayrapetyan,հայրապետյան
ayukawa,аюкава
azuma,адзума
адзуса,azusa
бабаев,babajev,babayev,babajew,babaev
бабаян,babayan,babajan,բաբայան
babenberska,babenbersky,babenberg,бабенберг
бах,bach,բախ,μπαχ
bachmann,бахман
багаев,bagajev
բաղդասարյան,багдасарян,baghdasaryan,bagdasarjan
багадур,bahadur
pasha,pascha,πασα,πασας,փաշա,pacha,baja,pasa,pashe,паша,pasza,pasja,ფაშა,passa
bayan,bajan
ბაქრაძე,bakradze
балабанов,balabanov
balabanova,балабанова,balabanowa
balaguer,балагер
balaschow,балашов,balashov
балаж,balazs
бальб,балб,balbo,balb,balbus
μπαλλενστετ,ballenstedt
ballesteros,бальестерос
балог,balogh
baltasar,балтазар,balthasar,бальтазар,baltazar,balthazar
бальцо,balzo
банах,banach
bannykh,банных
μπαρ,bar,бен,ben,բեն,syn,byung,μπεν
баранов,baranov,baranow
baranova,baranowa
барбара,borbala,βαρβαρα,barbara
barbaro,барбар,barbarus
barbat,barbatus,барбат,barbato
barður,bardur
бархатов,barkhatov
barkov,barkow,барков
барлоу,barlow
барро,barraud
barrow,барроу,бэрроу
բարսեղյան,барсегян,barseghyan
барсуков,barsukow
barthe,барт,bart,բարտ,barth
bartolomeo,бартоломеус,bartholomeus,μπαρτολομεο,barthelemy,bartholomaeus,bartholomaus,bartolommeo,бартоломью,bartholomew,бартоломео
bartold,barthold
բարտոկ,μπαρτοκ,bartok
bartomeu,bartolome
бартош,bartosz
барух,baruch,μπαρουχ
baruth,барут
басс,baso,bassus,bas,basso,бас
basmanow,басманов
bathory,batory
batyrow,батыров
бауэр,bauer
bauffremont,бофремон
бауржан,baurzhan,bauyrzhan
бауш,bausch
bawarska,баварска,bavorska,баварская,баварська
bazhanov,бажанов,bazjanov
bazhenov,баженов,bazjenov
beaumont,бомон
becca,becky,rebecca,ревекка,ребекка
бек,bəy,beck,bej,bey,beg,μπεκ,бег
беккер,beckerova,becker,бекер,μπεκερ
პედრო,пьер,пјетро,петър,petrus,պյոտր,petros,pyotr,petras,петр,петер,пьетро,πεντρο,педру,pjotr,єтро,pjeter,pelle,pero,petr,peter,педро,per,пјер,peder,πετρος,петро,pete,petar,bedros,pedro,პეტრე,петар,pere,petro,пьотър,petru
bejarano,бехарано
beketov,бекетов
μπελα,բելա,bela,bella,бела,белла
beljaev,բելյաեւ,беляев,belyaev,beljajew,belyayev,бєляєв,beljajev
beljakov,beljakow,belyakov,беляков
μπελ,бел,белл,bell
bello,μπελο
белоусов,beloussow,belousov
belov,белов,below
бертранд,βερτρανδος,beltran,бертран,bertran,μπερτραντ,bertrando,bertrand
белых,belych,belykh
benet,benedek,bento,benedykt,benedetto,бенедетто
benn,μπενετ,bennett,беннетт
benz,бенц
berard,берар
berch,bergh
berenger,berengar,беренгар,беренгер,berenguer
berg,μπερκ
børge,borge,борге,berge,берге
bergen,berghes,բերգեն,берген
бергер,berger
bergeron,бержерон
bermejo,бермехо
bernat,бернар,бернард,bernhard,μπερναρ,bernardo,бернгард,bernardus,բեռնար,բերնար,bernd,бернардо,bernard,бернхард,βερναρδος
bertha,μπερθα,berthe,берта,berta
bertold,бертольд,бертхольд,berthold,бертхолд,bertoldo
besch,беш
bessonow,bessonov,бессонов
бестужев,bestuzhev
бетанкур,betancourt
бет,beth
bethune,бетюн
безруков,bezrukov
bjarne,бьярне
бьерн,єрн,bjorn,бјерн,bjoern,бьорн,bjørn
bjork,бьерк
bjorklund,бьерклунд
блэк,black,блек,μπλακ
blackwood,блэквуд
блез,bleso,bles,blaesus
благоја,благоя,blagoja
благоє,blagoje,благоје,благое
блан,բլան,leblanc,леблан,blanc
blanca,branca,бланш,ბლანკა,blanka,бланка,blanche
бланчард,blanchard
błaszczyk,blaszczyk
blazhe,blaze
błazej,blazej
bloch,блох
bloom,блум
blucher,blycher
blue,блу
blumenthal,блюменталь
bobkow,бобков
бобров,bobrov,bobrow
botscharow,bocharov,бочаров
бочков,bochkov
bodrow,bodrov,бодров
bułgakow,boelgakov,bulgakov,булгаков
boettcher,беттхер,bottcher
bogatyryov,богатырев
bohdan,богдан,bogdan
bogdanow,богданов,bogdanov
bogdanova,богданова,bogdanowa
bogen,боген
bogolubow,боголюбов
bogomolow,bogomołow,bogomolov,богомолов
богуслав,boguslaw,bogusław,bohuslav
bohmen,bohemen,boheme
bohemond,боемунд,bohemundo,bohemund,боэмунд
боненбергер,bohnenberger
բոր,bohr,μπορ,бор
bohun,богун
bohusz,богуш
bojan,boyan,бојан,боян
бојана,бояна,bojana
ბოლესლავ,boleslao,μπολεσλαφ,boleszlav,boleslas,boleslaw,boleslovas,boleslav,bolesław,boleslau,boleslaus,μπολεσλαος,болеслав
bolkvadze,ბოლქვაძე
bolotov,болотов
bolshakov,большаков,bolsjakov
βοναπαρτης,bonaparte,бонапарт
bonawentura,bonaventura
бонч,bonch
bondarchuk,бондарчук,bondartschuk
bondarev,бондарев
bonnet,бонне
booth,бут,μπουθ,բութ
bourbon,βουρβωνων,borbon,βουρβονων,borbone,бурбон,burbon,borbo
borchardt,борхардт
borghese,боргезе
borgogna,burgundy,borgona,bourgogne,borgonya,burgund,borgonha
борха,borja
borman,μπορμαν
bos,bosch,бош
бозон,bosao,boso,boson
μποσχερτ,bosschaert
босвелл,boswell
botha,бота
бото,botho
burchard,бурхард,burkhard,burcardo,burcard,bouchard
бучер,boucher
boulogne,βουλωνης
бове,bowe
bowen,боуэн
bozhko,божко
божков,bozhkov
βραβαντης,brabantsky,brabant,брабантска,brabante,брабанту
բրեդ,bradley,бред,brad,брэд
брэдшоу,bradshaw
braganzy,bragance,braganza,braganca,браганса
brahe,браге
branch,бренч
brandao,брандан
бранденбург,brandemburgo,brandeburgo,brandenburgo,brandebourg,brandenbourg,brandenburska,brandenburg,βρανδεμβουργου
μπρανκο,branko,бранко
brasch,браш
բրաուն,brownova,μπραουν,braun,браун,brown
braunfels,браунфельсская
брехт,brecht
бренда,brenda,μπρεντα
bretanya,бретонская,bretagna,bretanska,bretana,βρετανης,bretanha,bretagne
brett,бретт
брук,μπρουκ,brook
brooks,брукс,μπρουκς
bruder,brother
brouwer,браувер
брус,brus,μπρους,բրյուս,bruce,брюс
brun,lebrun
брюне,brunet
бруно,brunon,bruno,μπρουνο
brutus,брут,brut,bruto
բրայան,брајан,браян,bryan
брајант,bryant
buch,бух
buchan,бьюкен
бьюкэнэн,buchanan,бьюкенен
buchel,бюхель
бухер,bucher
buchholz,бухгольц
бюхнер,buchner
buhua,buqa
bulatov,bułatow,булатов
булгакова,bulgakowa,bulgakova
бюлов,bulow,bylow
бунге,bunge
бундзо,bunzo
берч,burch
бургер,бюргер,burger
бернс,burns,μπερνς,бърнс
берроуз,burroughs
բարթոն,μπαρτον,burton,burt,берт
бурцев,burtsev
μπους,բուշ,буш,bush,busch
buteon,бутеон,buteo
батлер,μπατλερ,butler,բաթլեր
bytsjkov,bychkov,bytschkow,бычков
бычкова,bychkova
bykov,bykow,быков
bykova,bykowa
бајрон,byron
кабальеро,caballero
casar,caesar,cæsar
djafar,far,jafar,dzafar,джафар,dschafar,ջաֆար,cafer
колдуэлл,caldwell,колдвелл
kalle,կարլ,carel,შარლ,շառլ,carlao,calle,carlos,καρολος,კარლ,ჩარლზ,carls,carolus,kaarlo,carl,կառլ,კარლო,шарль,charly,carol,karoly,karl,чарльз,karlas,charley,carlo,чарлс,калле,կառլոս,чарлз,καρλ,καρλος,карло,карлос,շարլ,karol,carles,karel,չառլզ,charles,καρλο,карл,չարլզ,шарл,kaarle,σαρλ
calleja,кальеха
campb,кемпбелл,campbell
campofregoso,кампофрегозо
kantakuzenos,kantakuzen,cantacuceno,cantacuzeno,καντακουζηνος,kantakouzenos,cantacuzene,cantacuze
chao,zhao,чао,cao,цао,cchao,goryeo,tao,чжао
кардозо,cardoso,кардозу
carlota,sarlota,charlotta,καρλοττα,charlotte,καρλοτα,шарлотта,շարլոտ,carlotta,շառլոտա,sarolta,шарлота,шарлот,шарлотт,σαρλοτ,შარლოტა
carme,carmen
καρνο,carnot,карно
caruso,карузо
carvajal,карвахаль
casanova,казанова
кэш,cash,κας
castle,касл
катон,caton,catao,catone,cato
катал,cathal
catulo,катул,catulus
cavanagh,кэвэна,кавана,kawana,kavanagh
gayo,γκυ,cayo,gajus,года,гај,року,guy
ceausescu,чаушеску,չաուշեսկու
չեխով,cechov,chekhov,cehov,чехов,tchekhov
cees,кес,kees
джелал,celal
celso,celsus
cem,джем
джемаль,cemal
дженк,cenk
centule,centullus,centulo,сантюль,centulle
cerdanya,cerdagne,cerdana
ჩეზარე,cesar,cesare,kejsare,τσεζαρε,чезаре,csaszar
cetego,цетег,cethegus
џевдет,cevdet,джевдет
cezar,цезарь,tsezar
chacon,чакон
chad,чад,чэд,чед
jaled,халед,chaled,khaled
чалмерс,chalmers
шалон,σαλον,chalon
чемберс,chambers,чамберс,чэмберс
chamorro,чаморро
xampanya,champagne,champana
chance,чэнс
чандлер,чендлер,chandler,чэндлер
чандра,chandra
chantal,шанталь
чапман,чэпман,чепмен,chapm,τσαπμαν,чапмен,чэпмен,chapman
chappell,чаппель
хараламбос,charalambos,χαραλαμπος
kharchenko,charczenko,hartsjenko,харченко
kharlamov,харламов,charlamov,charlamow
charlemagne,шарлемань
charlton,чарлтон
chateaudun,шатоден
chou,zhou,чжу,chu,чжоу,jou,chau,чоу,chow,zhu
шово,chauveau
chavchavadze,чавчавадзе,ჭავჭავაძე
чавдар,chavdar
чавез,chaves,чавес,chavez
chaworth,чауорт
chebotaryov,чеботарьов,чеботарев
cherkasov,черкасов
cherkasova,черкасова
tschernenko,tsjernenko,chernenko,черненко
chernev,чернев
tsjernov,tschernow,chernov,tchernov,czernow,чернов
chernova,чернова,tsjernova
chervyakov,червяков
чесноков,tschesnokow,tsjesnokov,czesnokow,chesnokov
честер,chester
chet,чет
chetan,четан
szewczenko,շեւչենկո,shevchenko,chevtchenko,шевченко,schewtschenko,sjevtjenko,sevcenko,sjevtsjenko
chloe,хлоя
хохлов,chochlow,hochlov,khokhlov
чоден,choden
chodzko,chodzka,ходзько
chol,чол
chola,чола
холоденко,cholodenko
chopel,chophel
чопра,chopra
тесокабэ,chosokabe
chosuke,тесукэ
shuvalov,sjuvalov,schuwalow,suvalov,шувалов,chouvalov
chrysostome,χρυσοστομος,chryzostom
chuck,чак,чък,չակ
chuujou,chujo
chukanov,чуканов
tschumak,chumak,чумак
чун,chun
черч,church
chypre,κυπρου
клод,claude,κλοντ,կլոդ,კლოდ,κλωντ
клеман,клеменс,clemente,klement,κλεμαν,clemens,klemensas,klemen,klemens,κλημης,клемент,კლემენტ,clement,kelemen
kleomenes,cleomene,клеомен,cleomenes
леклерк,leclerc,clerc,леклер
clermont,клермон
kleve,клеве,klevska,cleves,kleef,клевская
клоуз,close
gneo,gneu,cneu,cnaeus,გნეუს,cneo,gnejusz,гнеј,gnaeus
coburgo,kobursko,coburgu,кобург,cobourg,κομπουρκ,coburg
cochran,кохрэн
коен,коген,քոհեն,коэн,cohen,κοεν,kohen
кольбер,colbert
коулз,coles
cologne,keulen,koln
comenge,комменж
commagene,κομμαγηνης
comodo,commodus
comneno,κομνηνη,komnene,komnen,komnena,komnenos,κομνηνος,comne,comnenus,comnene,comnena
count,готье,comte,conte,conde,ντε
comtesse,countess
конча,concha
connell,oconnell
oconnor,connor,коннор
conon,cono
conrado,κορραδος,konradas,conradus,corrado,կոնրադ,конрад,კონრად,koenraad,conrad,κονραντ,konrad
konstanze,констанца,konstancja,constanza,constance,costanza,constanca
constant,констан
cordoba,cordova
cornuto,корнут,cornutus,cornut
cortez,кортес
cos,cossus,кос,косс,coso,cosso
cosroes,khosro
коста,costa,коща
костаке,costache
costanzo,костанцо
crassus,krassus,craso,красс,crasso,cras,крас
krateros,cratero
cratete,crates,krates,κρατης
crawford,κροφορντ
кромвель,κρομγουελ,cromwell
քրուզ,круз,cross,cruz,крус
crow,кроу
cruchaga,кручага
чаба,csaba
csonka,чонка
cuadrato,квадрат,quadratus
катберт,cuthbert
куза,cuza
cyrene,kyrene
czesław,чеслав,czeslaw
даценко,dacenko,datsenko
dajan,dayan
dalassenos,далассен
dallas,даллас
νταλε,dalle
damjan,дамьян
damjanov,дамянов
дандоло,dandolo,νταντολο
denemarken,danmark,ddenmarc,denmark,danemark
danska,данська,датская
данте,dante,νταντε
dar,дар,daryna,дарья,darya,darja
даррен,νταρεν,darren
darts,darter
դոդե,დოდე,доде,daudet
дејв,dave
давыдов,davydov,dawydow
дечев,dechev
deforest,forest
degen,деген
degtyaryov,degtjarev,degtarjov,дегтярев
дејан,деян,դեյան,dejan
dels,nassau,lan
demchenko,демченко
демьян,дем,demjan
demjanenko,демьяненко
demosthenes,δημοσθενης
денгоф,denhofas,денгофф,denhoff,donhoff
denzo,дэндзо
derek,ντερεκ
derkacz,деркач
дессауская,desavska
smet,desmet,смет
десау,дессау,dessau
deux,doua,dues,δυο,duas,two,due
volf,вульф,вольф,wulf,вульфф,wolfe,wulff,вольфф,βολφ,волф,улф,wolf,вулф,վոլֆ,woolf,վուլֆ,dewolf,wolff
деже,dezso
дьяконов,dyakonov,djakonov,djakonow
djakow,djakov,дьяков,dyakov
джамель,djamel
дьюрхуус,djurhuus
dlugosz,długosz
dobrev,добрев,dobrew
dobrewa,добрева,dobreva
dolgorukov,долгоруков
domagoj,домагој
доменеч,domenech
донат,donatus,donato,donat
doncho,дончо
донна,donna
դունկան,дункан,данкан,donnchadh,ντανκαν,duncan
доннелл,donnell,odonnell
донохью,donoghue
donskoy,donskoj
δωροθεα,dorothy,დოროთეა,dorothee,дора,dora,dorota,dorotea,доротея,ντορα,dorottya,դորոթեա,dorothea
dorofeyev,dorofejev,dorofejew,дорофеев
дорошенко,doroshenko,doroszenko
dorotheos,δωροθεος
dotsenko,доценко
doucet,дусе
доу,дау,dov,дов,dow
dovzhenko,довженко
dreher,дреер
дрешер,drescher
դրյու,дрю,drew,ντρου
drogo,drogon
drozdov,drosdow,дроздов
ντρουζεν,droysen
drus,druso,друз,drusus
duquesa,duges,duchesse,duquessa,duchessa,duchess,ducesa
duchesne,дюшен
duclos,дюкло
νταφ,duff
dufresne,дюфрен
дюамель,duhamel
дюма,dumas,դյումա
дюмон,dumont,mont
dunayev,dunajew,дунаев,dunajev
дюпон,pontos,dupont,pont,ποντου,ponto,pontus
durand,дюран
durazzo,дураццо
durow,durov,дуров
душан,ντουσαν,dushan,dusan
dvorak,дворжак
dyachenko,дяченко,дьяченко
дьячков,dyachkov
џевад,dzevad
джамбазов,dzhambazov
dzordzas,джордж
dzsunko,дзюнко,junko
earl,jarl,ярл
ебергард,eberardo,eberhard,эберхард,эврар,еберхард,evrard,everhard
эдгар,edgar,edgard,edgars
edmond,էդմունդ,едмунд,едмон,էդմոն,эдмунд,edmund,εντμον,εντμουντ,эдмон,εδμονδος
էդվարդ,εδουαρδος,едуар,едуард,eduard,едвард,εντουαρ,edward,էդուար,эдуар,eduards,ედვარდ,эдвард,էդուարդ,edoardo,эдуард,eduardo,eduardas,edouard,edvard,ედუარდ,edvardas
eduardowna,эдуардовна
էդվարդս,едвардс,edwards,эдвардс
edzard,эдцард
efeso,efes,ephesus,ephesos
ефрем,јефрем,efrem
jefremowa,efremova,ефремова
egawa,эгава
эгеде,egede
эгертон,egerton
eggenberg,егенберг
єгор,egor,jehor,yegor,jegor,егор,yehor
egorov,егоров,yegorov,jegorov,jegorow
jegorowa,егорова,egorova,yegorova,jegorova
egypten,egypte,egypt
леонора,елеонора,eleanor,ελεονωρα,элеонора,leonora,leonor,eleonore,ελεονορα,eleonor,eleonora
elguja,ელგუჯა
ella,элла
elshan,эльшан
elwood,элвуд
manoel,manu,emmanuel,εμμανουηλ,emanuel,manny,emanuele,мануэль,эммануэль,ману,manuel,мануэл
емельянов,emeljanov,jemeljanov
emperor,empereur,emperador
энгель,engel
england,engeland
енгелберт,энгельберт,engelbert,engelberto
энгельбрехт,engelbrecht
энгельгардт,engelhardt
энгельманн,engelmann,энгельман
энгельс,engels
ангерран,enguerrand
entenca,entenza
энцо,енцо,enzo
eraclea,heraclea
erasme,эразм,erasmus
эрбах,ербах,erbach
ercole,ερκυλ,эркюль,ηρακλης,hercule,hercules
erdogan,ερντογαν
jerjomenko,еременко,eremenko,єременко,yeryomenko
ермакова,ermakova
ερμογενης,ermogene,гермоген,hermogenes
yermolayev,ermolaev,ермолаев
herodot,erodoto,herodotus
ershov,երշով,єршов,jerschow,jersjov,yershov,jerszow,ершов,ersjov
эржебет,erzsebet
scapula,escapula,скапула
scevola,scaevola,сцевола,escevola
esparta,sparta,sparte
stefan,stefanus,степан,stephanos,stephen,щефан,stjepan,stefanas,στεφανος,stefano,στηβεν,στεφαν,στηβ,steven,εστεμπαν,stephanus,esteban,სტეფან,stepan,ստեպան,stephan,steve,штефан,სტეფანე,стефан,стјепан
էսթեր,ester,эстер,естер,esther
strabo,страбон,strabone,estrabo,estrabon
эстре,estrees
estructo,estructe,strutto,structus,структ,estruto
stewartova,стјуарт,стюарт,ստյուարտ,estuardo,stuart,stewart
этан,ethan
ethel,этель,етель
eubulus,eubulo
oddone,odo,odon,одо,eudes,eudo
evergetes,euergetes
jevhen,євген,yevgeny,ежен,єне,эжен,ене,еуген,эуген,էժեն,eugen,eugene,jeno,gene,evzen,εζεν,jewhen,eug,evhen,evgeny,yevhen,yevgen
eustachy,eustache,eustach,eustace
ева,eva,ευα,ewa,эва,εβα,єва,ევა
evagoras,ευαγορας
евангелос,evangelos,ευαγγελος
εβανς,evans,еванс,евънс,эванс
jevgenjevna,евгеньевна,jevgenyjevna,yevgenyevna,evgenevna
евсеев,yevseyev,jevsejev,evseev
евальд,эвальд,ewald
ewart,эварт
фадеев,fadeyev,fadejev
fagerholm,фагерхольм
fahd,fahad
fahr,fakhr
фахардо,fajardo
пфальц,pfalz,пфалц,falcko
fan,фань,pham
fang,фан
farrow,фэрроу
farrukh,фаррух
фатх,fath
padre,father
фокнер,faulkner
faust,fausto,faustus,фауст
faycal,faysal
fechner,фехнер
теодор,თედორე,фьодор,τεντ,theodoros,teodor,theodorus,teodoro,теодорос,თეოდორე,ֆեոդոր,θεοδωρος,федор,teddy,fyodor,theodoor,թեոդորոս,theodor,ted,theodorosz,թեդ,թեոդոր,feodor,fjodor,фјодор,феодор,theodore,teodoras,τεοντορ,theodoro,თეოდორ,тед,fedor
fedorchuk,федорчук
fjodorow,федоров,fedorov,fyodorov,fjodorov
fjodorova,федорова,fyodorova,fedorova
федоровна,fyodorovna,fjodorowna,fedorovna,fjodorovna
федосеев,fedoseyev,fedoseev,fedosejev
fedotov,fedotow,федотов
fedro,phaedrus
фен,feng,fung,фэн
θεοδωρα,თეოდორა,теодора,φεοντορα,feodora,τεοντορα,феодора,teodora,theodora
верх,ferch
φερναντο,фернанду,hernando,ferrante,ferran,ფერნანდუ,ferdynand,эрнандо,fernando,fernandu,ფერნანდო,фернандо
франсоа,francouzska,franc,france,франсуа,francuska,ֆրանկ,ფრანსუა,ֆրանց,французская,франс,franca,франьо,франц,фрэнк,frank,ferencz,фрањо,fran,frants,φρανκ,frantz,ֆրանսուա,ֆրենկ,ფრანკ,franz,ferenc,ფრენკ,φραντς,ფრანც,француска,francas,fransua,френска,французька,franjo,fra,frans,ференц,φρανς,φρανσουα,френк,франк
фергюсон,ֆերգյուսոն,ferguson
fernan,fernand,фернан,fernao,ֆեռնան
фернандес,φερναντεθ,fernandezova,fernandez
festo,фест,festus
fevre,lefevre
fezensac,фезансак
флак,flaco,flac,flacco,flaccus,флакк
flandes,flandres,фландрская,vlaanderen,flandra,flandern,φλανδρας,flanders,flandersky,flandre,flanderska,flandryjska
флоран,florent
florus,floro,флор
floyd,флојд
phocas,φωκας,phokas,fokas,foca,focas,фока
φοντε,fode
fogelson,фогельсон
folc,fulk,fulco,folch,фульк,foulques,fulko,фулк,folco
footballer,futbolcu
ֆորդ,ford,форд,φορντ
форе,forez
forst,forster
lefort,fort
фортунат,fortunat,fortunatus,fortunato
форчун,fortune
fosterova,foster
франческо,francesco,ֆրանչեսկո,φραντσεσκο,francesc
francesca,франческа,φραντσεσκα,франсуаза,ֆրանչեսկա
francken,franck
φρανκο,ფრანკო,ֆրանկո,франко,franco
frangepan,frankapan
францевна,frantsevna
фред,fred,φρεντ
french,френч
freud,ֆրոյդ
фролов,frolov,frolow,frołow
fronto,frontone,фронтон,fronton,frontao
ფუად,fuad,фуад
fuchs,фукс,фухс
фугер,fugger
fukagawa,фукагава
fukasawa,фукасава
фукава,fukawa
fukazawa,фукадзава
furtwangler,фуртвенглер
фурукава,furukawa
furusawa,фурусава
фуз,fuso,fus,fusus
fuscus,fusco,фуск
фува,fuwa
гертнер,gaertner,gartner
γκαετανο,gaetano
ганьон,gagnon
gallo,gal,galo,gallus,галл,гал
galantha,galanty
галеаццо,galeazzo,галеацо
gales,galles,wales
gallen,gall
галахър,gallagher,галлахер
gallego,гальего
гальегос,gallegos
гэмбл,gamble
ганчев,ganchev
gent,gand
ганеш,ganesh
ганц,ganz
gao,гао
гарднер,gardnerova,gardner
gareth,гарет,գարեթ
гармаш,garmash
garrett,γκαρετ
харт,garth,χαρτ,հարթ,гарт,hart
gascony,guascogna
гаспар,kaspar,gaspard,gaspar
gasparjan,гаспарян
gastao,gasto,γκαστον,gaston,gastone,гастон
gebhardt,gebhard,гебхард,гебхардт
gebre,гебре
геддес,geddes
gedeon,гедеон
gerd,gerardo,γεραρδος,gerhardus,джералд,жерар,გერჰარდ,геральд,ζεραρ,џералд,gerhart,geert,герд,gerhardt,герардо,герард,ґергард,ժերար,герхардт,ჟერარ,gerhard,херард,gert,gerald,gerardus,գերհարդ,джеральд,гергард,герхарт,gerard,жеральд,ջերալդ,герт,герхард,жерард,херардо,gherardo
գեղամ,гегам,gegham
gejza,геза,geza
გელა,guela,гела,gela
gelb,гелб
geldern,gueldre,gelre,гелдерн,guelders
gelfand,гельфанд
геллер,geller,heller
gellert,геллерт
gelman,гельман
гэн,gen
genaro,хенаро,jenaro
general,генерал
generalov,генералов
γενευης,geneve,geneva
gennadevna,геннадьевна,gennadyevna,gennadjewna,gennadjevna
genoa,genova
genov,генов
gensho,genshou
гэнта,genta
gentaro,gentarou,гэнтаро
генц,genz
genzou,genzo,гэндзо
godfryd,geoffroy,godefroy,godfred,godofredo,geoff,gotfryd,godfrey,жоффруа,goffredo,jofre,жофруа,godofreu,geoffrey
georgakopoulos,γεωργακοπουλος
gerber,гербер
gerberge,герберга,gerberga
херберт,ჰერბერტ,herbert,gerbert,հերբերտ,herbertas,герберт,хърбърт
герда,gerda
gergana,гергана
գերգեյ,gergely
герке,gerke
герлах,gerlach
германов,germanov
germanova,германова
gernot,гернот
gero,геро
gerov,геров
gershon,gerszon,гершон
герстер,gerster
гертруд,гертруда,gertrud,gertruda,gertrude,γερτρουδη
гешке,geschke
гесснер,gesner,gessner,geßner
geßler,gessler
getz,goetz,гетц
գեւորգյան,gevorgyan,gevorgjan,геворгян,геворкян
ghazaryan,казарян,ղազարյան
ղեւոնդյան,ghevondyan
gyaco,гацо,gjaco
гладков,gladkov
glasunow,glazunov,глазунов
glaucone,glauco
glazkov,глазков
глебов,glebow,glebov
глен,гленн,γκλεν,glen,գլեն,glenn
глогер,gloger
gloucester,глостер
glucksborg,glucksburg,glucksbourg,глюксбурзька
glukhov,глухов
gocza,გოჩა,гоча,gocha
godard,годар
goddard,годдар
goebbels,գեբելս
գուրգեն,goergen,gourgen,гурген,gurgen
goethe,гете
gokhan,гекхан
гелльнер,gollner
golovachev,головачев
golovtsjenko,головченко
golubev,գոլուբեւ,голубев,golubew
гомес,γκομεζ,gomez
gonzalo,гонсало,гонсалу,goncal,goncalo
гонсалвеш,goncalves,гонсалвес
гончаренко,goncharenko
goncharov,gontscharow,гончаров
гун,gong
gontaut,гонто
гонзага,gonzaga,ґонзаґа,გონძაგა
gonzalez,гонсалес,γκονζαλες,γκονσαλες
goran,горан,γκοραν
горбачов,горбачев,gorbachev,gorbatsjjov
gorbunow,горбунов,gorbunov
gortchakov,горчаков,gorchakov,gorczakow
gord,gordon,гордон
gorelow,горелов
gorjunov,горюнов
gorokhov,gorochov,горохов
грецька,greece,grece,recka,gorog
gorschkow,gorszkow,gorsjkov,горшков,gorshkov
gustaw,gustave,kustaa,gustavas,gustav,գուստավ,gustavo,густав,γουσταυος,гюстав,gusztav,გუსტავ,gustavus,gosta,gustaf,gustau,gustaaf
gotse,гоце
gotsev,гоцев
готхард,gotthart,готтгард,gotthard
gottorp,готорп,gottorf
гоу,gow
gracchus,gracco,graco,гракх
gratsjov,gratschow,грачев,grachev,grachyov
грејам,გრემ,ґрем,грехем,грем,грэм,греъм,graham,գրեմ
gramont,грамон
great,große,gran,grande,grote
grand,legrand,լեգրան,легран
հրանտ,grant,γκραντ,грант,hrant
грат,grato,gratus
gratsjjova,грачева
gray,греј
грег,gregg,greg,գրեգ,gregory
grekland,grækenland
гретхен,gretchen
grethe,grete
gromow,громов,gromov
gromowa,громова,gromova
гро,gros,legros
грот,groth
гров,groves
грубенхаген,grubenhagen
грюнвальд,grunwald
grushko,грушко
guang,гуан
гудељ,gudelj
gudmundsson,gudhmundsson,guðmundsson,гудмундссон
guðmundur,gudhmundur,gudmundur
gudhrun,guðrun,gudrun
guðjonsson,gudjonsson
gudlaugsson,guðlaugsson
guðnason,gudnason
вельф,велф,guelfo,welf,γουελφος
gunther,guenther,γκυντερ,gunter,гюнтер,guenter
guerra,γκουερα,герра,гуерра
guerrero,герреро,гереро,герерро
гест,guest
guevara,гевара
гуляев,gulyayev,guljajew
gunnar,гуннар,γκουναρ
quach,guo,kuo
gurow,гуров
gusev,гусев,гусєв,gussew
guzman,гусман,gusmao
gwen,гвен
gyeltshen,gyaltsen
gyatsho,gyatso
gyeong,ген,kyung
gyldenlove,gyldenløve
gyozo,дьезе
kyu,gyu
дюла,hegedus,ђула,gyula,гула,дьюла,хегедюш,huszar
гаас,хаас,haas
хассан,χασαν,khasan,hassan,hasan,хасан,հասան,гасан,hacane,həsən
хахберг,hachberg
hætta,haetta
hagen,хаген
hager,хагер
haydar,hajdar
henry,hank,henryk,χενρυ,harry,χαλ,hal,хэл
hall,χολ,холл,голл,хол
hamazasp,амазасп,համազասպ
hamburger,гамбургер
mehmed,μοχαμετ,мухаммед,mehmet,մեհմեդ,მეჰმედ,мохаммед,мухамед,mahometas,мехмет,mohamed,muhammed,محمد,мухаммад,mohammed,мохамед,μεχμετ,мехмед,muhammad,hamed
гамлет,համլետ,hamlet
hamza,хамза
hana,гана
hanau,ганау
ханава,hanawa
hancock,хэнкок
ганке,hanke
хансен,гансен,hansen,χανσεν
хандзава,hanzawa
hara,ohara,χαρα
харальд,харалд,гаральд,harald
гарденберг,hardenberg
hare,хэа
хэрвуд,harewood
харлан,harlan
harlow,харлоу
haro,аро
հարոլդ,харолд,harold,гарольд,харольд,ჰაროლდ
harper,χαρπερ,харпър,гарпер,харпер
хартман,hartman,hartmann,гартманн,гартман
harutyun,арутюн,հարություն
арутюнян,հարությունյան,harutyunyan
harwood,харвуд
гасанов,həsənov,hasanov
хасэгава,хасегава,hasegawa,haszegava
khattab,hattab,хаттаб
khatun,χατουν,хатун,hatun,խաթուն
hauke,гауке
havel,гавел
хоторн,hawthorne
хаякава,hayakawa
haykaz,հայկազ
хадзама,hazama
heather,хэзер,гетер,хедър,хезер
hecht,хехт
hecker,геккер
էկտոր,εκτορ,ектор,hector,эктор,гектор,хектор,հեկտոր,ექტორ
helder,элдер
helge,хельге
hellmuth,helmuth,χελμουτ,хелмут,հելմուտ,helmut,хельмут,гельмут
хелмс,helms
хендерсон,henderson,гендерсон
генк,henk
heras,эрас
herb,герб
гербст,herbst
herburt,гербурт
hernan,эрнан,ернан
ернандес,էռնանդես,hernandez,эрнандес
herodotos,ηροδοτος
herranz,эрранс
эррера,еррера,herrera
эрреро,herrero
эрве,herve,ерве
herz,герц,херц
herzberg,հերցբերգ,херцберг
hess,гесс,heß
κασσελ,hessen,гессе,хесен,hesse,гессен
hjalmar,ялмар
hobson,гобсон
hodgson,ходжсон
hodzoova,ходзе
khudjakov,khudyakov,hoedjakov,худяков
hoff,гофф
hofm,гофманн,hoffman,hoffm,гофман,hofmann,հոֆման,hoffmann,χοφμαν,гоффман,хоффман,хофман
hohensolms,хоензолмс
hohenstaufen,hohenstauf
houjou,hojo
holan,голан
χολαντ,голланд,hollande,olanda,holland,холланд,χολλαντ,holanda
holger,хольгер
holmes,голмс,холмс
homer,гомер
homme,uomo
хунбо,hongbo
honma,хомма
onorato,honoratus,honorato
ονορε,օնորե,оноре,honore
гувер,hoover
hoppe,гоппе
hopper,хоппер,гоппер
орас,horace
горак,horak
hordur,horður
horn,горн
horne,hornes
horst,горст,χορστ,хорст
хосокава,hosokawa
hough,хаф
ованнес,ованес,hovhannes,howhannes,հովհաննես,ovanes
овсепян,հովսեփյան,hovsepyan
howard,ховард,говард,хауард,хауърд,հովարդ
hoxha,ходжа
høyer,hoyer
грачья,hrachya,հրաչյա
хубер,губер,huber
губерт,hubertus,губертус,хуберт,hubert
гадсон,hudson
гюббенет,huebbenet
huerta,уэрта
уэртас,huertas
гуго,хью,ουγος,уго,hugues,угу,хьюз,hugon,hugo,hug,hugh,юго,гюго,հուգո,хуго,ουγκο,гуґо,hughes,ugo,հյուգո,хју,ուգո
хьюм,hulme
humberto,uberto,ουμπερτο,umberto,гумберт,humbert,умберто,ουμβερτος
χαντ,хънт,гант,hunt,хант,հանտ
гантер,hunter,хънтър,χαντερ,хантер
уртадо,hurtado
хюстън,huston,хјустон,хьюстон,юстон
хут,huth
hyung,хьон,хен
яак,jaak
jaan,яан
яблоков,jablokov
jacek,яцек
jacenko,яценко,yatsenko
ячеслав,vjaceslav,veaceslav,jaceslav,vyacheslav,vjatjeslav,вячеслав,վյաչեսլավ,vjacseszlav,vyaceslav,vjatseslav,vjatsjeslav,вјачеслав
джексон,џексон,джаксън,τζακσον,ջեքսոն,jacks,jackson
якоба,jacoba
jakobsen,якобсен,jacobsen
якобсон,jakobson,jacobson
jacobsz,jacobszoon
jaquet,jacquet
јадранка,jadranka
jager,jæger,jaeger
яффе,jaffe
jagellona,jagellon,jagellonska,ягеллонка,jagello,ягелонка,յագելլոնկա
jahja,yahya,яхья
якобссон,jakobsson
yakovenko,jakowenko,jakovenko,яковенко
яковлєв,jakovlev,jakowlew,яковлев,yakovlev,յակովլեւ
jakovleva,яковлева
яковлевна,jakovlevna
jakymenko,yakymenko
жале,jale
јамада,jamada,yamada,ямада
ямамото,jamamoto,yamam,yamamoto
janczuk,янчук,yanchuk
janek,янек
янев,janev
janka,янка
janko,yanko,янко,јанко
янков,jankow,jankov
janne,янне
янша,jansa
janßen,янсен,janssen,янссен,jansen
янсон,янссон,jansson,janson
janssens,янссенс,янсенс
janszoon,jansz
jara,хара
jared,ջարեդ,джаред
jarkko,яркко
jarmo,ярмо
ярнефельт,jarnefelt
ярно,jarno
jaros,ярош
յարոսլավ,jaroszlav,jaroslav,ярослав,јарослав,yaroslav,jaroslaw,jarosław
јарослава,jaroslawa,yaroslava,jaroslava,ярослава
ярцев,jarzew
яша,jascha
јасна,jasna
jason,џејсон,ջեյսոն
jaspar,jasper
ясуо,jasuo,yasuo
jaszuda,ясуда,yasuda
shdanow,zdanov,жданов,zjdanov,zhdanov,zdanow,jdanov
jeanette,жанетт,jeannette
jefferson,jeferson,джефферсон,ջեֆերսոն
jehoschua,jehosua,yehoshua
judah,jehuda,juda,юда,yehuda,yehudah
jemal,ჯემალ
jemma,ջեմմա
jenner,ջեններ
jens,јенс,єнс
ենսեն,енсен,єнсен,յենսեն,jensen
jeorjos,јоргос
еремеев,yeremeyev,jeremejew
yermakov,jermakov,ермаков
jerman,јерман
ерун,jeroen
jerome,жером,jerry,ζερομ
єспер,еспер,jesper
jezek,ежек
joazaf,joasaph
johannessen,johannesen
юханссон,johanson,johansson,юганссон,јохансон
johnstone,ջոնսոն,τζονσον,джонсон,джонсън,жонсон,џонсон,johnson,johnst,johnsonova,джонстон,johnston
юнссон,jonsson,johnsson
yoko,joko,еко
yokoyama,екояма,јокојама,jokojama
yolanda,jolanda,jolanta,yolande
jona,yona
jonae,jonæ
юнассон,jonasson
ջոնաթան,хонатан,ջոնատան,џонатан,jonatan,жонатан,джонатан,ჯონათან,jonathan,ζοναταν,τζοναθαν
τζοουνς,джоунс,ջոնս,џонс,џоунс,jonesova,jones,джонс,жонс
xun,tuan,jun,ջուն,joon,цзюнь
joost,josse
ջորդան,jordan,jord,жордан,yordan,джордан,τζορνταν,хордан,џордан,јордан
yordanka,jordanka
jordanov,yordanov
jordanowa,yordanova,jordanova,јорданова
yorgos,jorgos
jørn,jorn
joseba,хосеба
josefa,хосефа,josepha,josepa,josephe,jozefa,юзефа
ջոշուա,ջոշ,josh,joshua,josua
josuke,есукэ,yosuke,yousuke
jouko,юко
jourdan,журдан
jovanka,јованка
xovellanos,jovellanos
juarez,хуарес
judes,judas
jurg,юрг,juerg
juergen,jurgen,юрген,յուրգեն
юга,juha,юха
juhasz,юхас
юхо,juho
juja,yuya
juka,юка,yuka
jukka,юкка
yuko,juko
julo,jul
юльевна,julevna
юнге,junge
юнгер,junger
junker,юнкер
дзюнносукэ,junnosuke
junus,юнус,yunus
junzo,junzou
jurado,хурадо
юре,jure
юрьев,jurev,jurjew,yuryev
jurjevna,jurevna,юрьевна,yuryevna,jurjewna
jurgens,юргенс
jurgensen,юргенсен
юргенсон,jurgenson
jurou,juurou,juro
jurtsjenko,юрченко,yurchenko
yury,jury
jusupov,yusupov,юсупов,jusoepov,jussupow
yusupova,jussupowa,юсупова
юст,just
justo,хусто
юстус,justus
ютака,jutaka,yutaka
yuto,juto
юта,jutta,ютта
kabanov,kabanow,кабанов
kachaber,кахабер
качмарек,kaczmarek
kagawa,кагава
kageyama,кагэяма
kajetonas,kajetan,каетан
კაკაბაძე,какабадзе,kakabadze
kakazu,какадзу
kakuzou,kakuzo
კალანდაძე,kalandadze
калчев,kalchev
kalogeropoulos,καλογεροπουλος
калоян,kalojan
kamateros,καματηρος
kamenskaya,kamenskaja
канадзава,kanazawa
kanba,камба
kanbara,камбара
kanbe,камбэ
кандзэ,kanze
кандзо,kanzo
karamczakowa,karamchakova,karamtshakova
karapetjan,կարապետյան,karapetyan,карапетян
карасава,karasawa
karasyov,карасев
karatayev,karatajew,каратаев
karawajew,karavayev,karavajev,караваев
karpov,karpow,карпов
karpova,karpowa
карташов,kartashov
kartsev,карцев
kasakow,kazakow,казаков,kazakov
казакова,kasakowa,kazakova
katajew,катаев,katayev
katarzyna,kotryna
кете,kate,kathe
katya,katja,катя
kazjaryna,katsyaryna
katzenelnbogen,катценелнбоген
kavtaradze,кавтарадзе,kawtaradse
kawabata,кавабата
kawabe,кавабэ
kawada,кавада
kawahara,кавахара
кавакубо,kawakubo
кавамата,kawamata
kawamoto,кавамото
кавамура,kawamura
каванака,kawanaka
kawano,кавано
кавасэ,kawase
kawata,кавата
каватэ,kawate
kawazoe,кавадзоэ
kawazu,кавадзу
kazak,казак
kazama,кадзама
kazan,казан
kazantsev,казанцев
kazantseva,казанцева
кадзато,kazato
kazbek,казбек
kazem,казем
kazu,кадзу
kazue,кадзуэ
kazuharu,кадзухару
кадзуя,kazuya,kazuja
кадзуко,kazuko
kazuma,кадзума
kazumasa,кадзумаса
кадзуна,kazuna
kazuno,кадзуно
кадзунобу,kazunobu
кацуо,kazuo,кадзуо
кадзуса,kazusa
kazutaka,кадзутака
кадзуто,kazuto
kazutomo,кадзутомо
kazuyasu,кадзуясу
kazuyo,кадзуе
kegel,кегель
քեն,κενεθ,ken,κεννεθ,кенет,քենեթ,kenneth,kenny,кен,кеннет
kenn,kennedy
кэнсе,kensho
кэндзо,kenzo,kenzou
кершоу,kershaw
ketevan,ქეთევან,кетеван
хабаров,khabarov
խաչատրյան,khachatryan,хачатрян
խաչատուր,khachatur,хачатур
khamzat,хамзат
khasanov,хасанов
холмогоров,kholmogorov
хоменко,khomenko
хомяков,khomyakov
хорен,khoren,խորեն
ხოსროვ,khusraw,хосров,խոսրով,khosrov
хвостов,khvostov
kjell,хьель
чельберг,kjellberg
клюев,kljujev,klyuyev
kłos,klos
клозе,klose
клуге,клюге,kluge
knjasew,knyazev,князев,knjazev
կնուտ,knut,knuth,кнут,knud
князева,knyazeva
кобаякава,kobayakawa
кобзарь,kobzar
kobzev,кобзев
koca,ქოჯა
koch,կոխ,κοχ,кох,kochova
kocharyan,քոչարյան,кочарян
кудряшов,koedrjasjov,kudryashov
kudrjavcev,кудрявцев,kudryavtsev,kudrjavtsev,kudrjawzew,koedrjavtsev
кузьма,կուզմա,kusma,kuzma,koezma
kuzmenko,кузьменко,koezmenko
kuznetsov,kouznetsov,koeznetsov,kusnezow
kusnezowa,koeznetsova,kuznetsova
kogawa,когава
коларж,kolar
кольцов,kolcow
kolew,kolev,колев
koleva,колева,kolewa
kolovos,κολοβος
kolowrat,kolovrat
komarow,komarov,комаров
komarowa,комарова
kondakov,кондаков,kondakow
kondrashov,kondraschow,кондрашов
кондратьев,kondratyev,kondratjew
кононов,kononow,kononov
konovalov,коновалов,konowalow
kopec,kopecas
коркмаз,korkmaz
kornejev,корнеев,korneev
korobov,korobow,коробов
королева,koroljowa,korol,koroleva
koroljow,королев,korolow,korolev
korotajev,коротаев
korotejev,коротеев,koroteyev
korotkov,korotkow,коротков
korsakow,korsakov,корсаков
korsch,корш,korsh
korshunov,коршунов,korsjoenov
koshelev,koschelew,кошелев
кошель,koshel,kosjel
косе,kosho
կոզլով,koslow,козлов,kozłow,kozlov
kostjantyn,kostyantyn
костюк,kostjuk
костов,kostov,kostow
костюченко,kostyuchenko
косугэ,kosuge
kosyrew,kozyrev,козырев
kothen,кьотен,κετεν
котов,kotow
kotsjetkov,кочетков
kouzou,кодзо,kozo
kovacs,kovac,ковач
kovachev,ковачев
koval,kowal,коваль
ковальчук,kovalchuk
kowalenko,kovalenko,коваленко
kowalow,kovaljov,kowaljow,kovalev,kovalyov,ковалев,ковальов
kowtun,kovtun,ковтун
kozaburo,кодзабуро
kozak,козак
kozan,кодзан
kozar,козар
kozeluh,κοζελουχ
козлова,kozlova
козьма,козма,kozma
kozue,кодзуэ
kozuka,кодзука
краль,kralj,краљ
крантц,krantz
krauze,краузе,krause,kraoeze
krasnov,krasnow,краснов
krastewa,krasteva
krawczenko,krawtschenko,кравченко,kravchenko,kravtsjenko
krawtschuk,кравчук,krawczuk,kravchuk
krawez,kravets
кравцов,krawcow
kryukov,krjukow,крюков,krjukov
kruse,крузе
krylov,kryłow,крылов,krylow
krzysztof,krzystof
kucher,кучер
kucherov,kuczerow,кучеров
кудашев,kudashev
кудрявцева,kudryavtseva
kulakov,кулаков
kuleshov,kulesjov,кулешов,kuleszow
кулеша,kulesza
kulmbach,кулмбах
kulthum,кульсум
кумадзава,kumazawa
kunz,кунц
kunze,кунце
кюнцель,kunzel
kurasawa,курасава
курбанов,kurbanow
kurdyumov,курдюмов
курокава,kurokawa
kurosawa,куросава
kurt,курт
курц,kurz
кусакава,kusakawa
кушнер,kushner
кутателадзе,kutateladze
куценко,kutsenko
kutuzov,кутузов,kutuzow
кувабара,kuwabara
кувахара,kuwahara
кувано,kuwano
kuwata,кувата
kuwayama,куваяма
кудзэ,kuze
кузман,kuzman
kuzmanov,кузманов
kuznyecov,кузнецов,кузњецов,kuznecov,կուզնեցով
kuznecova,кузнецова
кваме,kwame
кван,kwan
квок,kwok
kwon,квон
kyuzo,кюдзо
labeo,labeon,labeone,лабеон
lachmann,lachm
lacon,laco
lenate,laenas,laenes,ленат,lenas
лагранж,lagrange
lambertus,λαμπερ,ламбер,lambert
лампрехт,lamprecht
λαμψακηνος,lampsacus,lampsaco,lampsaque,lampsakos,lampsac
λανγκ,ланг,lang
ланге,lange,ланж
ланген,langen
лангенбургская,лангенбурзька,langenburg,лангенбург,langenbourg
langer,лангер
lanza,ланца
laroche,ларош
lars,lasse
larssonova,larsson
larysa,łarysa
лаша,lasza,ლაშა,lasha,lasa,լաշա
lasalle,salle
лазар,łazar,лазарь,lazarus,lasar,lazar
лазарев,լազարեւ,lazarev,lasarew
lazareva,lasarewa,лазарева
лаш,lasch
ласло,laszlo,լասլո,λαζλο
latouche,touche
латур,latour,tour,тур
trobe,latrobe
latyshev,латышев
лаубах,laubach
λαουενμπουρκ,lauenbourg,lauenburg,лауенбург,lauenburgo
ლორან,лоренц,lorentz,lorenz,лорен,laurent,llorenc,λωραν,lorenzo,лоран,renzo,λοραν,լորան,лоренцо,lorenc,լորենցո,ренцо,λορεντσο
laval,λαβαλ
lavrentjev,lavrentev,lavrentyev,лаврентьев
λαβροφ,lavrov,лавров,lawrow
law,лоу,low,luo
λορενς,lawrence,лоуренс,лоренс
lazarenko,лазаренко
leonas,roy,лев,лъв,левко,лео,ლევონ,ლევ,леон,левон,lev,leo,рој,lleo,love,leao,lew,лью,levon,lewon,λεβ,leroy,levas,ლეონ,лав,leon,ლეო,lee,leone,λεων,լեւ,լեւոն
leary,oleary
лебедєв,lebedew,լեբեդեւ,lebedev,лебедев
lebedewa,лебедева,lebedeva
леберехт,leberecht
lebrecht,лебрехт
lesek,leszek,лех,лешек,lech
lechner,лехнер
лефевр,λεφεβρ,lefebvre
legende,legend
lehmann,lehm
лежен,lejeune
lentul,лентул,lentulo,lentulus
lenz,ленц
leonard,ლეონარდ,լեոնարդ,λεοναρντ,леонард,леонар,leonardus
леонардо,λεοναρντο,leonardo
leonhard,леонгард
leonov,leonow,леонов
leonova,леонова,leonowa
леонтьев,leontyev,леонтьєв,leontjev,leontjew,leontev
leopoldo,леополд,leopold,leopoldas,լեոպոլդ,λεοπολντ,λεοπολδος,леопольд
lepage,лепаж
leroux,roux
лян,leung
ლევან,lewan,լեւան,леван,levan
levashov,левашов
levchenko,levtsjenko,левченко
любов,լյուբով,lyubov,любовь,ljubow,lubow,ljubov
lyudmyla,ludmyła,ljudmyla
mueller,muell,мюллер,mull,mullerova,muller,ller
λονγκ,лонг,longo,longus,llong,long
loup,луп,lupo,lupus,llop
лојд,lloyd
лобанов,lobanov,lobanow
lozang,lobsang,losang
lochner,лохнер
lockwood,локвуд
luzenko,lutsenko,łucenko,луценко,loetsenko
λομπαρντο,lombardo,ломбардо
լոնգե,longuet,лонге
looz,loon
lopez,λοπεθ
lord,лорд,λορδος
lorena,lower
лоренца,lorenza
лотарь,lotar,lothar,лотар
loth,лот
lourenco,лоренсу
ловчев,lovchev
леве,lowe
łukasz,lucas,лукаш,люк,luc,luka,лукас,luca,люка,lukash,λουκας,лука,lukasz,luke,lukas
lucques,lucca
luxembourg,люксембург,luksemburska,lussemburgo,lucembursky,люксембурзька,luxemburg,luxemburgo,λουξεμβουργου,люксембургская,lucemburska
lucja,łucja
luczak,łuczak
лухан,lujan
lukacs,лукач
лукашенко,lukashenko
lukaszczyk,łukaszczyk
лунн,lund
люнебург,luneburg,λυνεμπουρκ
lurje,lurye,лурье
łuszczynska,luszczynska
лютер,luther,λουθερ,լյութեր,luter
lutz,лутц
lutzow,лютцов
львов,lvov,lwow
макартур,mcarthur,macarthur,μακαρθουρ
macedon,makedon
macro,macer,макр
mcgregor,макгрегор,macgregor
мах,mach
machado,машаду,машадо
μαχμουτ,machmoed,mahmud,махмуд
макензен,mackensen
магдалена,мадлен,magdalena,magdolna,magdalene,maddalena,μαγδαληνη,madalena
маэкава,maekawa
maestro,master,meester,mastaren
magno,μαγκνους,магн,magnus,maunu,magne,магнус,մագնուս
magnusson,магнуссон,magnuson,магнусон
magon,магон,mago,magone
магомедов,magomedov,magomedow
mahesh,махеш
maja,маја,մայա,maya,мая
major,mayor
mayorov,majorov,majorow
majorque,mallorca
макаров,makarov,makarow,մակարով
makarowa,макарова,makarova
махарадзе,makharadze
μαξ,մաքս,մաքսվել,maksas,max,maxwell,максвелл,макс,максуел,μαξγουελ,максвел
malakhov,малахов
мальцев,maltsev,malzew,malcew
малькольм,malcom,малком,малкольм,malcolm
малгожата,małgorzata,malgorzata
malkov,malkow
малле,mallet
malofeyev,malofejew,малофеев
малышев,malyschew,malysjev,malyshev
mamadou,μαμαντου,мамаду
mamercus,мамерк
mamun,mun,мамун
нуман,mann,ման,numan,манн,man
manasses,манассе,manasse
манкузо,mancuso
mandelshtam,мандельштам
μανφρεντ,манфред,manfred
μανθος,manthos
manuchar,მანუჩარ,манучар
մանուչարյան,manucharyan
marcu,მარკუს,marco,марк,markas,mark,մարկոս,marcus,marek,marcos,markus,marc,մարկ,μαρκος,марко
marsh,марш,μαρς,marche,marca
marcelo,marcellus,марчелло,marcel,марцел,marcello,марцелл,μαρτσελο
march,марч
marchant,мэрчент
марченко,marczenko,martschenko,martsjenko,marchenko
marchese,marquess,marques,markyz
marchuk,martschuk,марчук
margarethe,მარგარეტ,margarete,մարգարետ,marketa,margaretha,μαργκαρετ,margaret,margareta,маргарет,маргарета,margareeta,marged,margrethe,մարգարեթ
margot,марго,մարգո
маркграф,markgreve,orgrof,margrave
marja,марья
марьян,мар,марьям,maryam,marjam,marjan
marjana,марьяна
маркелов,markelov,markelow
markow,марков,markov
маркова,markowa,markova
marrocos,marokko,morocco,maroc
марквардт,marquardt
маршалл,μαρσαλ,marshall,մարշալ,marshal,marschall,маршал
մարշա,марша,μαρσα,marsha
մարթա,marthe,μαρθα,marta,марта,martha
мартынов,martynov,martynow
маруяма,maruyama,marujama
марул,marulo,marullo,marullus
marwan,марван,mervan
mary,mrs,меј,molly,մեյ,may
maryya,maryja
masoud,mas,масуд,mesud
masakazu,масакадзу
masao,maszao
маша,masha
maslov,маслов,maslow
maslova,маслова,maslowa
massow,массов
matheus,мэтт,меттью,мэтью,ματ,мет,метт,մեթյու,matej,матеј,метью,mateo,маттеус,mateu,мат,матю,matt,mateusz,matty,matthaeus,matthew,мэттью,метју,mateus,матеус,матеуш,mathew,matteo,matthaus
maternus,матерн,materno
matevosyan,матевосян,մաթեւոսյան
mather,мэтер
мэтьюс,мэтьюз,mathews,мэттьюс,matthews
матрена,matrjona
matrosov,матросов
matvejev,matveev,matveyev,մատվեեւ,матвеев,matwejew
matvej,matvey
mavrocordat,mavrocordato,маврокордат,mavrokordatos,μαυροκορδατος,mavrocordatos
мајер,mayer
мазуренко,mazurenko
mccullough,маккалло
mcdonough,макдонаф
макговерн,mcgovern
mcgowan,макгоуэн,макгоун
mcgrath,макграт
макгроу,mcgraw
mcnaught,макнот
mecklembourg,мекленбург,mecklenburgo,meclemburgo,meklenburska,μεκλεμβουργου,mecklenburg,meklenbursko,მეკლენბურგ,mecklemburgo
medvedev,medwedew,медведев,медведєв
megacle,megacles,megakles,μεγακλης
megan,μεγκαν,меган,մեգան
megara,μεγαρευς
мельчор,melchor
менахем,menachem,menahem
menander,menandre,menandro
menard,менар
mend,mendoza
mendonca,мендонса
menecrates,μενεκρατης,menecrate
menelao,menelaus
merchant,мерчант
mereszanh,მერესანხ,meresankh
merkuryev,меркурьев,merkurjev
meruzhan,меружан,մերուժան
merzhanov,мержанов
meszaros,месарош
metel,метелл,metellus,metello,метел,metelo
μητροδωρος,metrodoro,метродор,metrodor,metrodoros,metrodorus,metrodore
метц,metz
mey,meyer
мгер,մհեր,mher
mkrtcjan,մկրտչյան,мкртчян
младен,mladen,μλαντεν
mladenow,младенов,mladenov
modestus,модест,modesto
мухамет,moechamet
murawjow,муравьев,muravjov,muravyov,moeravjov
mogens,могенс
mosche,mose,mosze,moshe,moses,mojzesz,mosheh,მოშე,моше
мохтар,mokhtar
molchanov,moltschanow,молчанов
moncada,montcada
montferrat,montferratu,monferrato,монферат,μομφερρατου,montferrato
montfort,монфорт,monfort
monge,монхе
monma,момма
монне,monnet
monserrat,montserrat
montacute,montagu,монтегю
montanus,montano
montejo,монтехо
morch,mørch
մորգան,μοργκαν,morgan,морган
моргенштерн,morgenstern
morozov,морозов,մորոզով,morosow,morozow
морозова,morozova,morosowa
морроу,morrow
mortemart,мортемар
moscou,moscow,moscu,moskva
mosher,мошер
mulaj,mulay,moulay
маунтбатън,mountbatten
mouseł,mushegh
movchan,мовчан
mozart,моцарт
mubarak,μουμπαρακ,мубарак
муха,mucha
muchanow,муханов,mukhanov
mukhtar,мухтар,muchtar,muhtar
мюнх,munch
мунте,munthe
муракава,murakawa
мурасава,murasawa
muratow,muratov,муратов
мердок,murdoch
musa,муса
musajev,мусаев
мустафа,mustafa,musztafa,მუსტაფა
mychajlo,mykhaylo,mychajło
mykola,mykoła
nabokov,набоков,nabokow
нахман,nachman
nachum,nahum
նադեժդա,nadeshda,nadezjda,надежда,nadejda,ნადეჟდა,nadseja,nadezda,nadzeya,nadezhda,nadeschda
надя,nadja,нађа,nadya
nagakawa,нагакава
нагасава,nagasawa
нагель,nagel
nagy,надь
naydenov,najdenov
накагава,nakagawa
nakamura,nakam
nakazato,накадзато
накадзава,nakazawa
նալբանդյան,налбандян,nalbandjan,nalbandyan
namen,ναμυρ,namur
намґ,namgyel,намгьял,namgyal
nanba,намба
намбара,nanbara
намбу,nanbu
naples,neapel,napoles,neapole,napoly,napels,ναπολης,неаполя,neapolsky,napols
napoleon,napoleo,napoleone,наполеон
nazarenko,назаренко,nasarenko
nazarov,nasarow,nazarow,назаров
назарова,nasarowa,nazarowa,nazarova
нассауская,nasavska
неш,nash,նեշ,нэш
natacha,natascha,natasa,natasha,natalya,наташа,наталья,նատաշա,natalja
nathan,нејтан,նաթան,nate,натан,natan
нат,nath
naumov,наумов,naumow
нава,nawa
neal,oneal
nechayev,nechaev,нечаев
нечаева,nechayeva
nederlanden,nederlanderna,netherlands,nederlandene,nederland
nedzad,неџад
неедлы,nejedly
неманья,nemanja,неманя,немања
немет,nemeth
nemours,немур,νεμουρ
neoburgo,neuburska,neubourg,neuburg,neuburgo
neophyte,νεοφυτος
nepos,nepote,непот
nero,nerone,нерон,neron
neuchatel,neufchatel
neurenberg,nurnberg,νυρεμβεργης,nuremberg
невена,nevena,newena
νεβερ,невер,nevers
zen,nhan
njegos,његош,негош
nobukazu,нобукадзу
ногава,nogawa
noorwegen,noruega,norsky,norveg,noreg,norska,norwegen,norway,norvege,norge
norbano,норбан,norbanus
norm,norman,норм
νορθ,норт,north
νορθαμπερλαντ,northumberland
norwood,норвуд
nossow,nosov,носов,nosow
novoseltsev,новосельцев
nowak,новак
nozawa,нодзава
nozomu,нодзому
обухов,obuchow,obukhov,oboechov
obrazcow,образцов
обручев,obruchev
ochoa,очоа
oda,ода,odaova,οντα
ødegard,odegard
oegrjumov,угрюмов
ελς,oels,œls,оелс
oesjakov,uschakow,ushakov,uszakow,ушаков
огасавара,ogasawara
огава,ogawa
огнев,ognev
ognjan,огнян,ognyan
ognjen,огњен
охеда,ojeda
оокава,okawa,oukawa
окадзава,okazawa
olaf,олаф
olaus,olof,olle
oldemburgo,oldenburg,oldenbourg,олденбург
olegovna,olegowna,олеговна
wolha,olha,ольга,ολγκα,olga,volha,օլգա,olya,олга
umaras,umar,omar
омельченко,omeltsjenko
onozawa,онодзава
onozuka,онодзука
opava,οπαβα
oranje,oranzska,orange,oranzsko,оранско,оранская,οραγγης
ურბან,урбан,urbano,urba,орбан,urban,orban
orekhov,орехов,orechov
oreste,орест,orestes
orkhan,орхан,orhan
orjan,ørjan
orleanska,орлеанська,орлеанская,orleansky,orleaes,ορλεανης,орлеан,orleans
орлов,orlow,orlov,orłow
орлова,orlova,orlowa
ornulf,ørnulf
єрванд,երվանդ,ерванд,orontes,οροντης,oronte
orosz,орос
osamu,oszamu,осаму
osawa,осава,оосава,ousawa
oskar,οσκαρ,oskaras,օսկար,оскар,oscar,oszkar
осман,osman,усман,uthman,οσμαν
osmanow,османов,osmanov
østberg,ostberg
ostergaard,østergaard
острозька,ostrogska,острожская
oswald,освальд,osvald
oswaldo,osvaldo,освальдо
ottone,othon,otao,отто,oton,otto,οθων,оттоне,отон,оттон,ото,otho,otton,oto,ota
отмар,othmar
ovcharenko,овчаренко
owtscharow,овчаров,ovcharov
owada,оовада
owen,овен,оуэн,оуен,οουεν
oxana,оксана
ozawa,одзава
ozkan,озкан
оодзора,ozora
озтюрк,ozturk
ołeksa,олекса
pab,պապ,paus,pave,pope,papez,pyha,papst,papa,папа,παπας
paulos,պավել,пауль,павле,pavel,поль,паул,paweł,paullo,paulo,paolo,paul,პავლე,pal,phaolo,павло,paullus,павел,παμπλο,παβελ,pavels,паоло,пабло,pavlo,paulus,pavelas,pavlos,pablo,παβλε,pawel,pawlo,pavle,павлос,παυλος,пол,pau,pawło
pacas,pac,пац
pachomov,пахомов,pakhomov
padoue,padova,padua
peto,пет,pet,paetus
пејџ,page,փեյջ
pagel,пагель
park,парк,pak,պակ,пак
paleolog,палеолог
palts,ponts
pam,pamela
панчен,panchen
pantsjenko,панченко,pantschenko,panchenko
панчо,pancho
pancrate,pancrates
пан,pang
панов,panow
papatheodorou,παπαθεοδωρου
параскева,paraskeva
παρασκευας,paraskevas
пархоменко,parkhomenko,parchomenko
парфенов,parfjonow
parme,parma,παρμας
պարթեւ,partus
пашаев,pashayev
pathak,патхак
pavlenko,pawlenko,павленко
pavlov,pawłow,павлов,pawlow
pawlak,павляк
педон,pedo
peducaeus,peduceo
pelageja,pelageya,пелагея
penchev,пенчев
pencho,пенчо
пэн,peng
perche,перш
peretz,perez,перес,περεθ,perec
pergamo,pergame,pergamon
перо,perot
perrot,перро
песков,peskow,peskov
peters,petersova
petja,petya,петя
petkow,петков,petkov
petukhov,петухов,petoechov
петров,petrovas,պետրով,petrov,petrow
petrowa,петрова,petrovova,petrova
petrowna,petrovna,петровна
петцольд,petzold
пламен,plamen,płamen
плантагенет,plantageneto,plantagenet
platon,płaton,plato,платон
platonov,платонов,płatonow,platonow
płonka,plonka
pokrovskaja,покровская
polakow,polyakov,poljakow,поляков,poljakov
polen,pologne,poland
poletajew,полетаев
полякова,poljakowa,polyakova
pomerantsev,померанцев
померанская,pomorska
понс,pons,ponc,ponce
ponomarjov,ponomarev,ponomaryov,ponomarjow,пономарев
ponomarjova,ponomaryova,пономарева
попков,popkov,popkow
popow,popov,պոպով,попов
popova,попова,popowa
poppo,poppon
prusky,прусская,pruska,пруска,prusse,пруська,porosz,preußen,preussen,прусська
porsche,порше
pospelow,pospelov,поспелов,поспєлов
postumo,постум,postumus
potapow,potapov,потапов
povl,poul
powell,павелл,пауэлл
pozdnjakov,pozdnyakov,поздняков
praetextatus,pretestato,претекстат
prager,прагер
prakash,пракаш
прасковья,praskovja
premysl,przemysł
probus,проб,probo
прохор,prochor
prochorow,prochorov,prokhorov,прохоров
прохорова,prokhorova,prochorowa
proklos,proclus,proclo,procle
прокул,proculo,proculus
prokofjew,прокофьев
проценко,protsenko
provenca,provence,прованская,provenza
prozor,prozoras
przemysław,przemyslaw
tolomeo,ptolomeo,ptolemeusz,ptolomeu,птолемеј,ptolemaj,პტოლემე,ptolemeu,ptolemejas,ptolemaeus,ptolemee,ptolemy
puchkov,пучков
пью,pugh
pujol,пухоль
pulcro,pulquer,пульхр,pulcher,пулхер,pulcre
ванху,queen
кверфурт,querfurt
кызы,qızı
raquel,rachael,рахель,rachel,ռեյչել,rahel
рачева,racheva
radchenko,radtsjenko,radczenko,радченко
radev,радев,radew
radoslav,радослав,radosław,radoslaw
раду,radu,ραντου
რაფაელ,rafał,рафа,рафаель,rafa,raphael,рафаэль,ραφαελ,rafael,rafal,рафаел,ռաֆայել,рафал
ragnar,рагнар
рахья,rahja
ռաջ,raj
raymond,ραυμονδος,rajmund,ремон,ռայմոն,рамон,ramon
rakesh,ракеш
рахманова,rakhmanova
ralph,рудольф,ռուդոլֆ,ροδολφος,raoul,rodolfo,rudolf,რუდოლფ,rudolph,rudolfs,rodolphe,ральф,rudolfas,ρουντολφ,рудолф,rolf,rodolf
ramesh,рамеш
рэндалл,randall,randy
rao,жао
rashad,рашад
рассказов,rasskazov
rath,рат
rathbone,рэтбоун
rauch,раух
raul,ραουλ
rausch,рауш
ray,ռեյ,реј
razumov,разумов
разумовская,razumovskaya
рехберг,rechberg
ռեկլյու,реклю,reclus
regel,регель
регул,regulo,regul,regulus,regolo
жэнь,ren
рено,renaud,renald
renard,ренар
restout,ресту
ретель,rethel
rewas,რევაზ,revaz,реваз
ревентлов,reventlow
rezso,реже
rjabov,ryabov,рябов
ryazanov,rjazanov,рязанов
ryoko,rjoko
ryota,rjota
rju,ryuu,ryu
роач,roach,роуч
роб,ռոբ,rob,ρομπ
ruperto,рупрехт,ռոբերտ,robertas,робърт,რობერტ,робер,ρουπρεχτ,roberto,ρομπερ,robert,ρομπερτο,rupert,roberts,robertus,ռոբեր,ռոբերտս,ruprecht,ρομπερτ,робъртс,robrecht,робертс,роберто,ρομπερτς,ροβερτος,რობერ,роберт,руперт
rocard,рокар
рош,roche,ρος,роше
rochelle,рошель
рошон,rochon
рохус,rochus
рокуэлл,роквелл,rockwell
род,rodney,rod
ruggero,роджер,rodgers,როჯერ,роже,роџер,roger,рогер,ρογηρος,роджър,ռոջեր,ροτζερ,rogers,рожер
roemjantsev,румянцев,rumjantsev,rumyantsev,rumjanzew
rusłan,rouslan,руслан,roeslan,ruslan,ռուսլան
rogow,рогов
rohan,ροαν,роган
rojas,рохас
rojo,рохо
роланд,роллан,ролан,roland,rolands,rolland
rom,roman,роман,romanos,romanus,ρωμανος,roomse,romans,roma,romano
romanczuk,романчук,romanchuk
romanow,romanov,романов
romanova,романова,romanowa
romulus,ромул
рональд,ronald,ροναλντ,ռոնալդ
ռուզվելտ,ρουζβελτ,roosevelt,рузвельт
rosenberg,rozmberk,rozmberka,рожмберка
розенов,rosenow
ροζενταλ,розентал,розенталь,rosenthal
рошаль,roshal
rostovtsev,ростовцев
ռոթ,рот,ռոտ,roth
роте,rothe
roussel,пассел
rowena,ровена
розанов,rozanov
рождественская,rozhdestvenskaya
rozhkov,рожков,rozjkov
рубен,ρουμπεν,ռուբեն,ruben
рудолщат,rudolstadt
ruf,ρουφος,rufus,руф,rufo
ruge,руге
румяна,rumyana,rumjana
runge,рунге
русева,russewa,ruseva
rush,раш
rushan,рушан
russ,рассел,rusty,russell
ruth,рут,ռութ,ρουθ,rut,რუთ
рутерфорд,rutherford
рябова,ryabova
раян,ռայան,ryan,рајан
рыбаков,rybakow,rybakov
ryouzou,редзо,ryozo
ryszard,рышард
ryuuzou,ryuzo,рюдзо
рыжков,ryzhkov
рыжов,ryzhov
sarrebruck,saarbrucken,ζααρμπρυκεν,саарбрюкен
шабан,shaban,saban
савоя,saboya,savoye,savoy,savoyen,savojen
саша,sasja,σασα,սաշա,sascha,sasa,sacha,sasza,sasha
zakhar,захар,sachar,zachar
zacharow,захаров,zacharov,zaharov,sacharow,сахаров,sacharov,zakharov,sakharov
zakharova,sacharowa,zacharova,захарова
sachartschenko,zakharchenko
сачко,sachko
sasky,саксен,saska,saxony,σαξ,sasko,σαξεν,saksen,сакс,saxe,szasz,sachsen,saxa
sadakazu,садакадзу
садулаев,sadulayev
saenko,саенко,sajenko
saether,sæther
safronow,safronov,сафронов
сагава,sagawa
schah,sah,шах,xah,szah,შაჰ,syah,shah,շահ,szach,σαχ
саагун,sahagun
սահակ,саак,sahak
саяка,sajaka,sayaka
сахно,sakhno
slomo,salomon,solomon,սողոմոն,salamon,shlomo,salomao,salomone,sołomon,schlomo,соломон,salomo,szelomo,шломо,σολομων,selomo
sally,sarah
salman,салман
saltykow,салтыков,saltykov
σαλουτσο,saluces,салуццо,saluzzo
salvador,salwator,σαλβαδορ
salvatore,сальваторе,σαλβατορε,salvator
սեմ,сам,sammy,σαμουελ,самуель,samuel,სემ,самуэль,самјуел,սամուել,shmuel,shemuel,сем,самюэль,сэмюэл,schmuel,sam,szemu,samu,семјуел,шмуэль,самюель,семюел,самуел,сэмюэль,σαμ,сэм
саманта,samantha,սամանտա
samo,samos
самохвалов,samochvalov,samokhvalov
samsonow,самсонов,samsonov
սամվել,самвел,samvel,samwel
санча,sancha,sanca
sandra,sandy
санґушко,sanguska,sanguszko,сангушко
sanja,саня,сања
sfanta,святая,svaty,santa,sankta,шень,свята,santo,skt,szent,santana,sankt,света,thanh,shen,sant,svata,шэнь,sen
сантош,santosh
сандзо,sanzo
sapor,shapur
sharaf,saraf,шараф
szard,sardenya,sardenha
sharma,sarma,шарма
шэрон,шарон,шерон,sharon,saron
сарычев,sarychev
sasagawa,сасагава
сашко,sashko
sato,szato,satou,сато
satoru,сатору,szatoru
сауд,saud
shaul,шауль,saul
sawa,сава,sava,savva,σαββα,савва,sawwa
savas,σαββας,savvas
savtsjenko,савченко,savcenko,sawczenko,savchenko,sawtschenko
савчук,savchuk
saweljew,савельев,savelyev
sawabe,савабэ
sawada,савада
sawako,савако
савамото,sawamoto
sawamura,савамура
sawano,савано
саваяма,sawayama
sawjalow,завьялов,zavjalov,zavyalov
schade,шаде
schaefer,schafer,шефер
schaeffer,шеффер,schaffer
schall,шалль
schaller,шаллер
шалом,shalom,schalom
шалва,shalva,schalwa,sjalva,շալվա,შალვა
zhanat,schanat,жанат
schanze,шанце
шауб,schaub
schaumburg,шаумбург,schauenburg,schaumbourg
шеель,scheel
schell,шелл
schenck,schenk,шенк
шенкель,schenkel
sheremetev,шереметев,seremetev,sjeremetev,scheremetew
scherer,шерер
szestakow,shestakov,schestakow,шестаков
шевчук,shevchuk,schewtschuk,szewczuk,sevcuk
schlegel,шлегель
schlossberg,шлоссберг
schlozer,шлецер
шнабель,schnabel
шнелл,schnell
шобер,schober
шолль,scholl
шенберг,schonberg
schonborn,шьонборн
шене,schone
schorn,шорн
shota,шота,сета,shouta,sota,schota,შოთა
schott,шотт
schoyen,schøyen
schrad,schrader,шрадер
шрамм,schramm
schroder,schroeder,schrøder,шредер
schroter,шретер,schroeter
шуберт,schubert
zukow,zjoekov,жуков,zhukov,zsukov,schukow
schulek,шулек
schulenburg,шуленбург
шулер,шюлер,schuler
schult,шульт
schulte,шульте
schultz,schulz
шульце,schulze,schultze
шуман,schumann,шуманн,σουμαν
schuster,шустер,schust
schutze,шютце
шваб,schwab
schwabe,швабе
souabe,zwaben,schwaben
shvarts,schwarz,schwartz
schwarzenb,schwarzenbach
σβετ,швет,schwedt
скотт,scott,skotas
segundo,segon,secondo,secundus,secundo,секунд
sedov,седов,sedow
седых,sedykh
сэгава,segawa
շեհզադե,sehzade,шехзаде,შეჰზადე
sesto,sextus,sekstus,sext,sexto,секст
selesnjow,seleznjov,seleznev,seleznyov,селезнев
selevkos,seleukos,селевк,seleuco,σελευκος,seleucos,seleuc,seleucus
sembat,smbat,смбат,սմբատ
semjon,семьон,szemjon,семјон,semen,semyon,семен,սեմյոն,szymon
semenjuk,семенюк
semjonow,semenov,семенов,սեմյոնով,semjonov,semyonov
semjonova,семенова
semyonovna,semjonovna,семеновна,semjonowna
сэмба,senba
seng,sheng,шэн
сэнгэ,senge
xenofont,senofonte,xenophon,ξενοφων
σερμπαν,serban
serebrjakov,serebryakov,серебряков
серж,sergejus,szergej,serge,սերգեյ,սերժ,sergey,syarhey,sjarhej,сергеј,sergej,σερζ
sergeyev,sergeev,сергєєв,sergejew,sergejev,сергеев
sergejewa,сергеева,sergeeva,sergeyeva
sergejewna,sergeyevna,sergeevna,szergejevna,сергеевна,sergejevna,sjarhejeuna
serov,серов,սերով,serow
serrano,серан,серран
seth,сет,սեթ
seung,сын
σεβηρος,severus,severo,sewer,sever,severe,север
sforza,сфорца,სფორცა,σφορτσα
shabanov,sjabanov,шабанов
shackleton,шеклтон
шаффер,shaffer
շահեն,shahen,шаген
շահնազարյան,shahnazaryan
shalev,шалев
шамс,shams
shane,շեյն
shang,thuong
шанкар,shankar
shannon,шэннон,шеннон
shapoval,шаповал
шаповалов,shapovalov
sharapov,шарапов,szarapow
шаронов,sharonov
шаров,sharov
շարպ,шарп,sharpe,sharp
шона,shona,shauna
shaw,շոու,шоу,шау
shehu,шеху
шелдон,sheldon,շելդոն
shelton,шелтон
σεπαρντ,шепърд,շեփարդ,sheppard,shepard,шепард,шеппард
shepelev,шепелев
sher,шер
շերման,шерман,sherman
shmelyov,sjmeljov,шмелев
седа,shoda,shouda
сеэн,shoen
shogo,shougo,сего
секо,shouko,shoko,сьоко
shoma,сема
shouno,сено,shono
шопов,shopov
shor,шор,shore
short,шорт
shosaku,сесаку
shosuke,сесукэ,shousuke
shoutarou,сетаро,shotaro
shoto,сето
showalter,шоуолтер
shoyo,сее
shozo,седзо
shtern,штерн
сюго,shugo
shuker,шукер
shuuko,сюко,shuko
shulga,шульга
шульман,shulman
шум,shum
shun,сюн
сюнго,shungo
shunsaku,сюнсаку
shunsuke,сюнсукэ
shunta,сюнта
shuntaro,сюнтаро,shuntarou
shusaku,shuusaku,сюсаку
shusuke,сюсукэ
сюта,shuta
shutaro,сютаро
сюто,shuto
shutov,шутов
shuya,сюя
skold,шельд
skvortsov,skworzow
шютте,skytte
слава,սլավա,slava
славчо,slavcho
slaven,славен
slavka,славка
славко,slavko
slavoljub,славољуб
славов,slavov
sloan,слоан,слоун,sloane
slobodan,слободан
slonov,слонов
smal,смаль
смолл,small,смол
смарт,smart
смедс,smeds
smoot,смут
smyrna,smyrny,smyrne
снелл,snell
снежана,snezana
сноу,snow
snowden,сноуден
snyder,սնայդեր
szobekhotep,sobekhotep
соболєв,соболев,sobolew,sobolev
sobolewa,соболева
socrates,socrate,сократ,sokrates
soderstr,soderstrom
soechanov,sukhanov,суханов
сухарев,sukharev,soecharev
soechov,сухов,sukhov
սոֆյա,софья,sofja,sofya,sof
sofronov,софронов,sofronow
зоя,zoja,zoya,զոյա,soja
союза,sojuza
sokolow,sokołow,sokolov,соколов,սոկոլով
sokolova,sokolowa,соколова
соколовская,sokolovskaja
солнцев,solntsev
solowjow,solovev,solov,solovyov,sołowjow,соловьев,solovjov,соловьов,szolovjov
solovjova,соловьева
somer,someren
зондербург,σονντερμπουρκ,sonderbourg,sonderburg,sønderborg
соня,соња,սոնյա,sonja
зоненвалде,sonnenwalde
soslan,сослан,sosłan
sostrato,sostrat,sostratus,sostratos
spartokos,spartoco,спарток
spasov,спасов,spassow,spasow
srdjan,srđan,srdan,срђан,срджан
штаде,stade,щаде
σταφορντ,stafford
стэн,stanley,stan
станчев,stanchev,stantsjev
σταργκαρτ,stargard
starkweather,старкуэзер
старцев,startsev
σταθοπουλος,stathopoulos
stavros,ставрос,stawros,stauros,σταυρος
stavroula,σταυρουλα
στεντμαν,stedman
стефанова,stefanova,stefanowa
штегер,steger
stegner,стегнер
stelmakh,stelmach,стельмах
stepanjan,ստեփանյան,степанян
степанов,stepanow,stepanov
stepanovna,stepanowna,степановна
штернберг,sternberg,щернберг
stetsenko,стеценко
stevan,стеван
stoeva,stoewa,стоева
стоян,stojan,stoyan,стојан,sztojan
стојанов,стоянов,stoyanov,stojanow,stojanov,ստոյանով
stoyanova,стоянова,stojanova,stojanowa
щолберг,штольберг,stolberg
столяров,stoljarov,stolyarov,stoljarow
штольц,stolz
storch,шторх
storozhenko,стороженко
strakhov,strachov,страхов
strasburger,страсбургер
строганов,stroganov,stroganow
stroganowa,строганова,stroganova
στρονγκ,strong
subkow,zubkow,zubkov,зубков
subow,zubow,zubov,зубов,zoubov
sugar,шугар
сугавара,sugawara
zujev,zuyev,zuev,зуев,sujew
sukhorukov,сухоруков
sultan,султан,szultana,szultan,σουλταν,սուլթան
sulz,зулц
sumner,самнер
sun,сунь,szun
sunagawa,сунагава
sunakawa,сунакава
суреш,suresh
сурков,surkow
suzy,susan
sushkov,сушков
сазерленд,sutherland,սազերլենդ
сува,suwa
suzu,судзу
suzue,судзуэ
судзука,suzuka
судзумура,suzumura
suzune,судзунэ
svedska,szwedzka
sven,svend,свен,σβεν
svenss,svensson
svetla,swetla,светла
svetlana,szvetlana,swetlana,σβετλανα,սվետլանա,svyatlana,swjatlana,светлана
светослав,svyatoslav,սվյատոսլավ,святослав,szvjatoszlav,svjatoslav
свобода,swoboda,svoboda
svyatopolk,святополк
свон,суон,swan
суонсон,swanson
свенсон,swenson
swetosław,swetoslaw
sydney,syd
zykov,зыков,sykow
sylvester,sylwester
сысоев,sysojev,sysojew,sysoyev
сабадош,szabados
szabo,сабо,szaboova,σαμπο
szabolcs,сабольч
szekeres,секереш
шостак,szostak
szwarc,шварц
тацуя,tacuja
tadakazu,тадакадзу
tadeusas,թադեուշ,ταντεους,tadeusz,tadas,тадеуш
tadeas,thaddaus
tadewosjan,թադեւոսյան,tadevosyan,тадевосян
тагава,tagawa
такач,takacs
takakazu,такакадзу
takakuwa,такакува
takazawa,такадзава
такэкадзу,takekazu
такэдзава,takezawa
такуя,takuja,takuya
такудзо,takuzo,takuzou
tamagawa,тамагава
tamara,tammy
thomas,թոմաս,tommaso,томаш,tomasz,том,θωμας,τομα,thom,թոմ,tomek,thos,tomas,тома,ტომაშ,томас,თომას,toma,ტომ,τομ,фома,tamas,thomasova,tom,tommy,thoma,τομας
тамба,tanba
tanev,tanew,танев
тангэ,tange
тања,tanja,tanya,таня
tarakanow,тараканов
taranov,taranow
tarento,tarent,tarente,tarentum,taranto
tarasow,tarassow,тарасов,tarasov
tarja,тарья
тарло,tarlo,tarło
tarsu,tarse,tarsus,tarso,tars
tasha,таша
tashko,ташко
tatana,tetyana,tatjana,տատյանա,тетяна,tat,татяна,татјана,tatyana,татьяна,tatyjana,tatsyana,tetjana
tatekawa,татэкава
тавър,taure,tauro,тавр,taurus
тавара,tawara
тадзава,tazawa
tebaldo,teobaldo,θεοβαλδος,теобальд,theobald,теобалд,tybald,teobald
thebes,tebes,theben,tebe
theo,тео,tehau
техада,tejada
тэмма,tenma
theodebert,teodeberto,theudebert
teodot,theodotos,teodoto,theodotus
theophanes,θεοφανης,феофан,theophane,teofan,теофан,teofanes
terakawa,тэракава
terasawa,тэрасава
terechov,терехов,terekhov
tereza,ტერეზა,theresa,թերեզա,teresa,terez,тереза,terese,therese,τερεζα
terje,терье
тэдзука,tezuka
талер,thaler
thanos,θανος
теа,thea
тельма,thelma
themos,θεμος
θεοδωρου,theodorou
theon,θεων
θεοφυλακτος,theophylact,theophylacte
thessaly,θεσσαλος
θοδωρος,thodoros
томсон,thomson,томпсън,թոմփսոն,thomps,thompson,томпсон,τομσον
тор,thor,þor
torbjørn,þorbjorn,thorbjorn,thorbjørn,торбьерн,torbjorn
торберн,thorburn
thoresen,торесен
thorn,thorne,торн
торнтон,thornton
торпе,thorpe
торстен,torsten,thorsten
thorvald,torvald,торвальд
totmes,thutmose,thotmesz,тутмос
thott,tott
thouars,туар
thrasybulus,thrasybule
турман,thurman
thurn,турн
терстон,thurston,thurst
tkatsjenko,tkatschenko,ткаченко,tkaczenko,tkachenko
ткачов,tkachev,tkatsjov,tkachyov,ткачев,tkatschow,tkatsjjov
tkaczuk,ткачук
токко,τοκκος,tocco
тодд,тод,τοντ,todd
тодоров,todorov,todorow
todorowa,todorova,тодорова
тогава,togawa
togto,tuotuo
toujou,tojo
toyoda,тоеда,tojoda
tokarew,токарев,tokarev
tokugawa,токугава
tokuzo,tokuzou,токудзо
tolosa,τουλουζης,toulouse
tolstaya,tolstaja,տոլստայա,толстая
tolstoj,tolstoy
tomokazu,томокадзу
tomova,tomowa
թոփչյան,topchyan
торадзо,torazo,torazou
torquato,torquat,torquatus,torcuato,торкват
toscane,toskansky,toscana,tuscany,τοσκανης
тошев,toshev
тот,toth
towa,това
тоекадзу,toyokazu
тодзава,tozawa
tozuka,тодзука
trabzon,trabzonlu
trachtenberg,трахтенберг
trajan,трајан,траян
tralles,tralle
трехо,trejo
tretjakow,tretjakov,tretyakov,третьяков
trojan,троян
trond,тронн
труа,troyes
trudeau,трюдо,τρυντω
труш,trush
tsjerepanov,черепанов
tsjernysjov,чернышев
цыганов,tsyganov,zyganow
tubero,туберон,tuberon
тучков,tuchkov
tudor,tudur,тјудор,тюдор,թյուդոր
туба,tugba
tullus,tullo,tulo,tul
turgenev,тургенев
τβερ,tver
udagawa,удагава
ulyanov,uljanow
umezawa,умэдзава
умэдзу,umezu
андервуд,underwood
ungern,ungarn
unger,унгер
unterberger,унтербергер
урах,urach
urgel,ουρζελ,urgell
урош,uros
urszula,урсула
ushakova,ушакова
ussow,усов,usov
usur,уцур
утагава,utagawa
uulu,uułu
uwano,увано
уве,uwe
uzawa,удзава
vachtang,վախթանգ,ვახტანგ,вахтанг,wachtang,vakhtang
vadym,wadym
vagharshak,վաղարշակ
vagner,вагнер,wagner,վագներ
vahagn,ваагн,վահագն
ваан,վահան,vahan,ваган
ваге,վահե,vahe
валдемар,վալդեմար,waldemar,valdemaro,вольдемар,вальдемар,woldemar,valdemar
valens,валент,valent,valente
wałentyn,walentyn,valentyn
valentyna,walentyna
walerjewna,valeryevna,valerevna,valerjevna,валерьевна
валерьян,valerjan
valery,walery
walkowa,вълкова,valkova
валье,валле,vallee,valle
vallejo,вальехо
wouter,ვალტერ,ουολτερ,վալտեր,уолт,valter,walther,γουολτερ,волтер,walter,валтер,уолтер,ուոլթեր,ուոլտեր,волт,უოლტერ,walt,уолтър,βαλτερ,воутер,вальтер,ваутер
ванда,wanda,վանդա,vanda
vanya,vanja,вања,wanja,ваня
vano,ვანო,wano,вано
вар,varus,varo,var
vardan,wardan,вардан,վարդան
варданян,վարդանյան,vardanyan,wardanjan,vardanjan
варела,varela,βαρελα
варвара,varvara,warwara
vasa,васа,wasa,ваза
vasco,βασκο
βασω,vaso
vasos,βασος
wassyl,vasyl,wasyl
vatanabe,watanabe,ватанабэ,ватанабе
vaudemont,водемон
վազգեն,вазген,vazgen
важа,vazha,ვაჟა,wascha
васкез,vazquez,васкес
veldenz,велденц
venceslao,wenceslaus,венцел,венцель,wenzel,venceslas,venceslau
вандом,vendome,βαντομ
вера,βερα,wera,վերա,vera
βερνον,vern,vernon,вернон
вернер,վերներ,verner,werner,βερνερ,ვერნერ,վեռներ
verus,вер,vero
βερονα,verona
vesela,весела,wessela
veto,vetus,vet
vjekoslav,векослав,вјекослав
vlachos,βλαχος
vlachou,βλαχου
vlad,влад
vladlen,wladlen,владлен
vlasenko,wlassenko
vlasov,wlassow,власов
фогель,vogel
volchek,волчек
volchkov,волчков
волдемар,voldemars
ვოლფგანგ,wolfgang,վոլֆգանգ,volfango,вольфганг,волфганг
волков,wołkow,volkov,wolkow
волкова,wolkowa,volkova
volodymyr,wołodymyr,wolodymyr,volodomor
воробьев,vorobjov,worobjow,vorobyov
woronzowa,vorontsova
воропаев,voropayev,woropajew
voskanyan,восканян,ոսկանյան
voula,βουλα
vsevolod,վսեւոլոդ,vszevolod,всеволод
vuk,вук,βουκ
вулзон,vulsone,vulso,вульсон,vulson
vyacheslavovna,вячеславовна
vysotskaya,wyssozkaja
wachtel,вахтель
вада,wada
wagener,вагенер
waka,вака
wakaba,вакаба
wakako,вакако
wakana,вакана
вакао,wakao
вакаяма,wakayama
вако,wako
вальбек,walbeck
уолкотт,walcott
уолд,wald
валдбург,waldburg
waldeck,вальдек,валдек
walden,уолден
waldenbourg,валденбург,waldenburg
waldmann,вальдман
waleran,валрам,walram,вальрам
walker,уокер,вокер,уолкер,γουοκερ,уокър
wall,уолл
ուոլաս,валас,ուոլես,уолъс,волас,уоллас,уоллес,воллес,wallace,wally,γουαλας
waller,уоллер
walsh,уолш,волш,ուոլշ
волтерс,walters,уолтерс
ուոլթոն,волтон,walton,уолтон
wanyan,ваньянь
варбург,warburg
варбертон,уорбертон,warburton
ուորդ,ворд,уорд,вард,ward
ware,уэр
варенн,warenne
warlamow,warłamow
ворнер,уорнер,warner
воррен,warren,уорън,γουορεν,уоррен,ուորեն,ворен,უორენ
warłaam,варлаам
wasserman,вассерман
ватабэ,watabe
ватару,wataru
ватасэ,watase
waterhouse,уотерхаус
уотерс,waters
уотсън,watson,ватсон,уотсон,вотсон
watt,уатт,уотт
watts,уоттс
waxman,ваксман
wayne,ուեյն
weathers,уэзерс
веб,webb,уэбб,вебб
веббер,уэббер,webber
вебер,уэбер,վեբեր,weber
уэбстер,вебстер,webster,ուեբստեր
вегенер,wegener
welsh,уэлч,уэлш,welch
уэлдон,weldon
уэллер,weller,веллер
веллс,wells,welles,уэллс
вэнь,wen
wendel,вендел
уэнделл,уенделл,венделл,wendell
wendt,вендт
wenger,венгер
wenjun,вэньцзюнь
wennberg,веннберг
вентуорф,вентворт,wentworth
верденберг,werdenberg
верле,βερλε,werle
wes,вес,уэс,ուես,wesley
wessel,вессель
wessex,ουεσσεξ,весекса
уест,уэст,вест,ուեսթ,west
westerberg,вестерберг
westerburg,вестербург,westerbourg
westermann,вестерманн
вестмор,westmore
weston,уэстон,вестон
вестфаль,westphal
wexler,векслер
wlodarczyk,włodarczyk
wolfenbuttel,волфенбютел
вольфенбюттельская,wolfenbuttelska
wolfram,волфрам,вольфрам
wolrad,волрад
вольтер,wolter
вуд,wood,վուդ
вудс,woods,վուդս
woodward,удуърд,вудворд
вормс,worms
woronzow,woroncow
wrangel,врангель,wrangell
вреде,wrede
wuerttemberg,wurttemberg,wurttembersky,вюртемберзька,wyrttemberg,вюртембергская,вюртемберг,wurttemberska,wurtemberg
вурм,wurm
wurtzbourg,wurzburg
xanthopoulos,ξανθοπουλος
xaver,ксавьер,ксавер
ягю,yagyuu,yagyu
yamakawa,ямакава
янагава,yanagawa
яремчук,yaremchuk
ярославцев,yaroslavtsev
yasukawa,ясукава
yasukazu,ясукадзу
ясудзо,yasuzo
ядзава,yazawa
yelv,yelu
yesayan,եսայան
yokokawa,екокава
yokozawa,екодзава
yonezawa,енэдзава
енэдзо,yonezo
υορκης,yorku,york
yosano,есано
едзо,youzou,yozo
yuan,юань
югэ,yuge
юкава,yukawa
юшков,yushkov
yuuzou,юдзо,yuzo
yuzaburo,юдзабуро
юдзава,yuzawa
юдзу,yuzu
юдзуру,yuzuru
zachary,zach,zac,zack,зак
zacharovna,захаровна
zaganska,zahanska
zajcew,zajtsev,zajcev,zaytsev,զայցեւ
զամենհոֆ,заменгоф,zamenhof
цандер,zander
zejd,zayd,zeyd
zdene,zdenek
zeljko,жељко
zeng,цзэн
дзэнко,zenko
zenodoto,zenodotos,zenodotus
zervos,ζερβος
жарков,zharkov
zharov,жаров
желев,zhelev
zhelyazkov,желязков
zhuk,zuk,жук,zjuk
zhukova,жукова
журавлев,zhuravlev,журавльов,zhuravlyov,zurawlow,zjoeravljov
цоллерн,zollern,τσολερν
zorn,цорн
zotov,зотов,zotow
zsolt,жолт
zsuzsa,zsuzsanna
zuber,цубер
цукеркандль,zuckerkandl
zuercher,zurcher
zundel,цундель
zur,цур
æthelred,этельред
лобов,łobow
łos,лось
ələkbərov,алекперов
əsgərov,аскеров
авен,αβεν
αζναβουρ,азнавур
վալուա,βαλουα,валоа,валуа,ვალუა
вермандуа,βερμαντουα
մեծ,μεγας
бак,μπακ
бенуа,μπενουα
μπλουα,блуа
τζακομο,джакомо
джузепе,τζουζεπε,джузеппе,џузепе,ջուզեպպե,ђузепе
хоенлое,χοενλοε
агаронян,ահարոնյան
адамян,ադամյան
աճեմյան,аджемян
арзуманян,արզումանյան
հասրաթյան,асратян
богарне,боарне
վահրամ,ваграм
вајт,ուայթ
венгерская,унгарска
герст,херст
годж,ходж
грач,հրաչ
джан,џан
էմմա,емма,эмма
коджа,коџа
кравец,кравець
мушегян,մուշեղյան
оганян,օհանյան
огюстен,օգյուստեն
пен,пенн
пјеро,пьеро,єро
ռաշել,рашель
реджеп,реџеп
սահակյան,саакян
себастјен,себастьян
хав,хавьер
հալս,халс
шаумян,շահումյան
шахназаров,շահնազարով

