john => jean , joan , johannes , earl , john , johnny , johan
джон => john , джон
كارل => კარლ , קארל , carl , karl
καρλ => კარლ , קארל , carl , karl
karl => კარლ , carlo , georg , karl , carlos , קארל , carolus , charles , karel , karol , carl
карл => კარლ , georg , karl , קארל , karel , karol , carl
կառլ => კარლ , קארל , carl
կարլ => კარლ , קארל , carl
کارل => კარლ , קארל , carl , karl
carl => charles , carl
josè => жозе , josep , խոսե , хосе , juan , خوزه , хозе
хосе => хосе , خوزه
josé => хуан , luis , жозе , josep , խոսե , хосе , juan , خوزه , хозе , jesus , józef , lopez
โฮเซ => хосе
jose => хуан , luis , жозе , józef , խոսե , хосе , juan , خوزه , хозе , jesus , jose , lopez
smit => סמית , سميث
сміт => סמית , سميث
смит => סמית , سميث
سمیث => اسمیت , سميث
سميث => اسمیت , סמית , سميث
vladímir => володимир , vladimir , vlagyimir
vladimír => владимир , vladimir , vlagyimir
vladïmïr => vladimir , vlagyimir
wladimir => vladimir
vladimir => володимир , vladimir , vlagyimir , владимир
władimir => vladimir
луіс => luiz , لويس
луис => luiz , لويس , luis
luis => louis , luigi , luis , ludwig , lluís , ludvig , لويس , ludwik , ludvík
луíс => لويس
луиш => luiz , لويس
луїш => luiz , لويس
люис => لويس
لویس => لويس , لوئیس
luiş => لويس
لويس => لويس , لوئیس
луїс => luiz , لويس , luis
luís => louis , luigi , luis , ludwig , lluís , ludvig , luiz , لويس , ludwik , ludvík
луіш => لويس
lüis => لويس
مايك => mike , майк
мике => mike
մայկ => mike , майк
міке => mike
mike => mike
مایک => mike , майк
իվան => איבן , iwan , イヴァン , ιβάν
иван => ivan , иван , איבן , iwan , ιβάν , イヴァン
îvan => איבן , iwan , イヴァン
іван => иван , איבן , iwan , ιβάν , イヴァン
iван => iwan , イヴァン
iwan => iwan
ívan => איבן , iwan , イヴァン
ივან => iwan , イヴァン , ιβάν
i̇van => iwan
îwan => iwan
ïvan => иван , iwan , イヴァン
alexander => alexander , aleksandr , aleksander
aleksandr => александрович , александар , aleksandr , олександр , alexandre , alexandr , aleksander
alexánder => aleksandr , aleksander
aleksándr => alexandr , aleksandr , alexandre , aleksander
oleksandr => олександр
александр => александър , александрович , александар , аляксандар , олександр , аляксандр , aleksander
ołeksandr => олександр
олександр => олександр
алєксандр => олександр
mikhail => michael , mikhail , mihail
mikhaḯl => mikhail
mikhaïl => michael , mikhail , mihail
michail => mikhail , mihail
michaił => mikhail , mihail
أريك => エリック , אריק , eric , эрик
էրիկ => エリック , אריק , eric , эрик
إريك => エリック , אריק , eric , эрик
эрик => エリック , אריק , eric , эрик
έρικ => エリック , אריק , eric , эрик
اریک => エリック , אריק , eric , эрик
erik => エリック , אריק , eric , эрик
ерік => エリック , אריק , eric , эрик
ерик => エリック , אריק , eric , эрик
اريك => エリック , אריק , eric , эрик
ερίκ => エリック , אריק , эрик
کریس => крис
kris => крис
крис => крис
כריס => крис
κρις => крис
كريس => крис
кріс => крис
крыс => крис
марк => marc , מארק , მარკ
mark => marc , מארק , მარკ
مارك => marc , מארק , მარკ
marc => marc
μάρκ => marc , מארק , მარკ
μαρκ => marc , מארק
مارک => marc , מארק , მარკ
մարկ => marc , מארק , მარკ
паул => поль , باول
paul => jean , paul , поль , باول
باول => باول
nikoláj => nikolai , nikolay
nikolaj => nikolaj , микола , мікалай , николаевич , nikolai
nikołaj => nikolaj , nikolay , микола , мікалай , nikolai
nikolái => nyikolaj , nikolaj , nikolay , nicolai , nikolai
nikolaĭ => nyikolaj , nikolaj , nikolay , nicolai , nikolai
nikolaï => nyikolaj , nikolaj , nikolay , nicolai , nikolai
nikolai => nikolai , nyikolaj , nicolai
леон => ليون
leon => ليون , папа
león => ليون , папа
لئون => ليون
լեոն => ليون
λέον => ليون
λέων => ليون , папа
léon => ليون , папа
λεόν => ليون
لیون => ليون
ليون => ليون
رابرت => رابرت
روبەرت => رابرت
روبرت => رابرت
جەیمز => جيمس
جيمس => יימס , جيمس
جیمز => יימס , جيمس
éric => エリック , eric
eric => エリック , eric
اسمیت => اسمیت
владімір => володимир
володимир => володимир
владимир => володимир , владимир
volodímir => володимир
volodimir => володимир
טוני => тони , tony
tony => anthony , tony
طوني => тони , tony
تونى => тони , tony
توني => тони , tony
تونی => тони , tony
toni => тони
тони => тони , tony
τόνι => тони , tony
тоні => тони , tony
mikola => микола
николай => мікалай , николаевич , микола
николај => мікалай , николаевич , микола
mikoła => микола
николáй => николаевич , микола
микола => микола
мікола => микола
maria => teresa , marija , anna , maria , garcía , марыя , dari , luisa
marie => louis , louise , maria , marie , anne
juan => jean , juan , john , joan
хуан => juan , خوان , хуан
sergeï => sergei , siergiej
sergei => sergei , siergiej
sergey => sergey , sergei , siergiej , sergej
sergeý => sergey , sergei , siergiej , sergej
king => کینگ , كينغ
кінг => کینگ , كينغ
كينغ => کینگ , كينغ
кинг => کینگ , كينغ
ivan => ivan , иван , איבן , iwan , イヴァン
iván => איבן , iwan , イヴァン
イヴァン => イヴァン
ивaн => イヴァン
otto => أوتو , אוטו , karl
أوتو => أوتو
отто => أوتو , אוטו , karl
όττο => أوتو
ottó => أوتو , אוטו
اوتو => أوتو
օտտօ => أوتو
օտտո => أوتو , אוטו
sergej => sergei , siergiej , sergej
джэк => jack , ジャック
jack => john , jack
джек => jack , ジャック
миколайович => миколайович
николаевич => миколайович , николаевич
николáeвич => миколайович , николаевич
aлeксандрович => аляксандравіч , олександрович
александрович => аляксандравіч , александрович , олександрович
олександрович => олександрович
هنری => هنري , ヘンリー
هنرى => هنري , ヘンリー
ヘンリー => ヘンリー
هنري => هنري , ヘンリー
הנרי => هنري , ヘンリー
ジュアン => juan , joan
ганс => ганс
hans => ганс , هانز , hans
ստիվ => סטיב , սթիվ , ستيف
stiv => סטיב , սթիվ , ستيف
ستيف => ستيف
стів => סטיב , սթիվ , ستيف
стив => סטיב , սթիվ , ستيف
сергій => сергій
сергий => сергій
сергеј => сергій , сяргей
сергей => сергій , сяргей
nïkolaý => nikolai , nikolaj
nikolay => nikolai , nikolay , nikolaj
bill => bill
william => bill , willem , william
دیفید => دیوید
ديفيد => دیوید
دیوید => دايفيد , دیوید
мајк => майк , mike
майк => майк , mike
mayk => майк
majk => майк
sergéj => sergei , siergiej
henri => henri , heinrich
henry => henri , heinrich , earl , henricus , hendrik
ჰანს => ганс , χανς
هانس => ганс , χανς
հանս => ганс , χανς , هانز
gans => ганс
ханс => ганс , χανς , هانز
pápa => hông , pópù , paus , papež , pous , papież , สมเด , fòng , pape , giáo , папа , papa , pope , pave
pàpa => hông , pópù , paus , papež , pous , papież , สมเด , fòng , pape , giáo , папа , pope , pave
pāpa => hông , papež , paus , pópù , pous , papież , สมเด , fòng , pape , giáo , pope , pave
giáo => paus , pous , fòng , giáo , pope , pave
папа => hông , pópù , paus , pous , สมเด , fòng , pape , giáo , папа , pope , pave
papa => hông , pópù , paus , pous , สมเด , fòng , giáo , папа , papa , pope , papież , pave
михаїл => михаил
михаил => михаил
mihajlo => михаил
михайло => михаил
mihail => михаил , mihail
михајло => михаил
анна => anna , anne
μαρία => anna
марія => anna , marija , marie
anna => anna
άννα => anna , anne
maría => teresa , marija , anna , garcía , marie , dari , luisa
mária => teresa , marija , anna , marie , dari , luisa
мария => anna , marija , marie , марыя
マリーア => anna
васильевич => васильевич
васильович => васильевич
fòng => fòng
สมเด => hông , paus , pous , สมเด , fòng , giáo , pope , pave
تشارلز => تشارلز
چارلز => تشارلز
hông => hông , paus , pous , fòng , huòng , hoàng , giáo , pope , pave
gary => ゲイリー , gary , غاري
غاري => غاري
гары => ゲイリー , gary , غاري
aleksandrovich => aleksandrovich
aleksandrovitsj => aleksandrovich
מארק => מארק
josef => josef
joseph => jean , john , josef , joseph
jüri => juri
ûrij => juri , yuri
юрий => юрий , juri , yury , yuri
юрій => юрий , juri , yury , yuri
juri => juri
володимирович => володимирович
владимирович => володимирович , владимир
andrej => andrei , андрій , andrej
андрэй => андрій
andrij => андрій
андреј => андрій
андрій => андрій
андрей => андрій
yuri => juri , yuri
ivanovitsj => ivanovitsj
ivanovich => ivanovitsj , ivanovich
خوان => juan , خوان
خوآن => juan , خوان
michael => mike , michel , michael
jean => jean
خوزه => خوزه
mari => ماري
ماري => メアリー , ماري , mary
ماری => メアリー , ماري
mary => メアリー , ماري , mary
марі => ماري
мари => ماري
մարի => ماري
мары => ماري
مارى => ماري
μαρί => ماري
جورج => جورج
ジョージ => جورج , ジョージ
ریچارد => ریچارد
ريتشارد => ریچارد
پيتر => بيتر , ピーター
پیتر => بيتر , ピーター
بيتر => بيتر , ピーター
پیتێر => بيتر
پیتەر => بيتر
بیتر => بيتر , ピーター
մերի => メアリー , ماري , mary
мери => メアリー , ماري , mary
meri => メアリー , ماري , mary
мэри => メアリー , ماري , mary
მერი => メアリー , mary
мері => メアリー , ماري , mary
μέρι => メアリー , ماري , mary
iwanowitsch => ivanovitsj , ivanovich
anrī => هنري , آنری
анри => هنري , آنری
ανρί => هنري , آنری
anri => هنري , آنری
անրի => هنري , آنری
анрі => هنري , آنری
jóhann => jean , joan , johan
johann => jean , johannes , joan , giovanni , hans , john , juan , johan
žoze => жозе
жозе => жозе
ζοζέ => жозе
žozē => жозе
ժոզե => жозе
дмитри => dmitri
dmitríj => dmitri
dmitri => dmitriy , dmitry , dmitri
дмитрий => дмитро , dmitri
dmitrij => dmitriy , dmitry , dmitri
yury => juriy , juri , yury
jacob => jacob
jakób => jacob
jakob => jacob
ピーター => ピーター
פיטר => بيتر , ピーター
أميل => emil , エミール
اميل => emil , エミール
إميل => emil , エミール
էմիլ => אמיל , emil , エミール
emil => אמיל , emil , エミール
امیل => emil , エミール
εμίλ => אמיל , emil , エミール
емил => אמיל , emil , エミール
έμιλ => אמיל , emil , エミール
эмил => אמיל , emil , エミール
alexandre => alexander , alexandre
marìa => marie
марие => marie
johannes => johannes
جونسون => جونسون
جانسون => جونسون
باشا => باشا
paša => ფაშა , pacha , باشا , paixà , pasha
pasa => ფაშა , paixà , باشا , pacha
pașa => ფაშა , pacha , باشا , paixà , pasha
paşa => ფაშა , pacha , باشا , paixà , pasha
πασά => باشا
паша => ფაშა , باشا
wiktor => wiktor
víktor => wiktor , victor
viktor => wiktor , victor
йохан => johan , иоганн
johan => johan , jean
йоханн => johan , joan
ფაშა => ფაშა
պաշա => ფაშა
pasha => ფაშა , pasha
پاشا => ფაშა
елена => елена , elena
єлена => elena
jelena => yelena , elena
јелена => elena
elena => yelena , елена , elena
jeļena => yelena , elena
васіль => василий
василиј => василий
василий => василий
василь => василий
alexeï => aleksiej , alexei , aleksey , aleksej
alexéi => aleksiej , alexei , aleksey , aleksej
alexei => aleksiej , alexei , aleksey , aleksej
alekseý => aleksei , aleksey , aleksej
aleksey => aleksei , aleksey , aleksej
vladimirovitsj => vladimirovitsj
vladimirovich => vladimirovich , vladimirovitsj
ivanovič => ivanovich , иван
ivanovic => иван
іванович => иван
ïvanovïç => ivanovich , иван
иванович => иван , иванович
nikolayevich => nikolayevich
nikolajevitsj => nikolajewitsch , nikolayevich , nikolajevitsj
олексій => олексій
ołeksij => олексій
алексеј => олексій
алексей => олексій
oleksij => олексій
aleksej => alexej , aleksei , aleksej , олексій
alekseĭ => aleksiej , alexei
alekséi => alexei , alexej
alekseï => aleksiej , alexei , alexej
aleksei => aleksiej , alexei , aleksei , alexej
لوئیس => لوئیس
andrey => andrei , andrej , andrey
уильям => вільям
ўільям => вільям
уільям => вільям
вільям => вільям
вильям => вільям
dmitry => dmitriy , dmitry
وایت => ホワイト , уайт
وايت => ホワイト , уайт
ўайт => уайт
уайт => уайт
andrei => andriej , andrei
paus => paus , fòng
pope => paus , pope , fòng
pous => fòng , paus , pous , pope
pópù => hông , pópù , paus , pous , สมเด , fòng , giáo , pope , papież , pave
victor => victor
александер => aleksander
aleksander => alexandre , aleksander
serguéi => sergey , sergei , siergiej , sergej
sergueï => sergey , sergei , siergiej , sergej
serguei => sergey , sergei , siergiej , sergej
sergeĭ => sergei , siergiej
اندی => энди , アンディ
енді => andy , энди
آندي => энди
էնդի => andy , энди
أندي => энди , アンディ
энди => andy , энди
լիզա => лиза , lisa
λίζα => лиза , lisa
ლიზა => lisa
лиза => лиза , lisa
līsa => lisa
līza => лиза , lisa
лиса => lisa
lisa => lisa
liza => лиза , lisa
ліза => лиза , lisa
гари => gary , غاري
გარი => gary
гарі => gary , غاري
գարի => gary , غاري
anne => anna , anne
աննա => anne
فورد => فورد
ford => فورد
ֆորդ => فورد
форд => فورد
ویلیامز => وليامز
ولیامز => وليامز
ويليامز => وليامز
وليامز => وليامز
سكوت => اسکات , スコット
اسکات => اسکات
سکوت => اسکات , スコット
メアリー => メアリー
σάρα => سارة
سارة => سارة
sára => سارة
сара => سارة
sara => سارة
սարա => سارة
سارا => سارة
սառա => سارة
pàul => jean
کینگ => کینگ
andy => andrew , andy , アンディ
كورت => كورت
kurt => كورت
کورت => كورت
курт => كورت
nikolajewitsch => nikolayevich , nikolajewitsch
брус => брюс , ブルース
брюс => брюс , ブルース
brüs => брюс , ブルース
بروس => брюс , ブルース
brus => брюс , ブルース
ברוס => брюс , ブルース
дэйв => dave
dave => david , dave
дейв => dave
duque => duque
duke => דוכס , duce , duque , duke
aleksandër => aleksander
йоан => jean , ivan , ジョアン , joan
ジョアン => jean , ジョアン
joan => jean , joan , ivan
louis => louis
greg => غريغ , greg , グレッグ
грэг => غريغ , グレッグ
грег => غريغ , グレッグ
գրեգ => غريغ , グレッグ
غريغ => غريغ
дмитро => дмитро
дмитриј => дмитро
дмитриj => дмитро
لیزا => лиза , lisa
ليزا => лиза , lisa
エリック => エリック
діас => دياز , диас
դիաս => диас
diáz => диас
დიას => диас
диаз => دياز , диас
diaz => دياز , диас
диас => دياز , диас
díaz => دياز , диас
dïas => диас
діаз => دياز , диас
пьер => пьер
ピエール => пьер , ピエール
muller => mueller
müller => mueller
mueller => mueller
دیاز => دياز
دياز => دياز
مارتن => مارتن
مارتين => مارتن
مارتین => مارتن
luci => luci
lúcio => luci , lucius
lucio => luci , lucio
pave => paus , pous , papież , fòng , pope , pave
charles => carlo , earl , carlos , charlie , charles , karel , carolus
フレッド => フレッド
фред => フレッド
fred => フレッド
фрэд => フレッド
ֆրեդ => フレッド
huan => خوان
саїд => سعيد
saíd => سعيد
саід => سعيد
سەید => سعيد
սաիդ => سعيد
саид => سعيد
saïd => سعيد
سعيد => سعيد
سعید => سعيد
səid => سعيد
said => سعيد
جیمس => יימס
יימס => יימס
iļja => ilja , ilia , илья
ilja => ilja , ilia , илья
ілья => илья , ilya
илья => илья , ilya
iljá => ilja , ilia , илья
iľja => ilja , ilia , илья
ilʹâ => илья , ilya
илја => ilja , ilia , илья
borbón => bourbon , burbon , borbón
borbon => bourbon , borbon , burbon
bourbón => bourbon , borbone
bourbon => bourbon , borbone
muhàmmad => mohamed , mohammad , muhammad , mohammed
muḥammad => mohamed , mohammad , mohammed
muhámmad => mohamed , mohammed
mohámmed => mohammed
mohammed => mohamed , mohammed
muhammad => mohamed , mohammad , muhammad , mohammed
muḩammad => mohamed , mohammad , mohammed
мухаммад => mohamed , muhammad , mohammed
мохаммед => mohamed , mohammed
دیویس => دیویس
ديفيس => دیویس
دیفیس => دیویس
კარლ => კარლ
الكسندر => الکساندر
ألكسندر => الکساندر
الکساندر => الکساندر
الەكساندر => الکساندر
الكساندر => الکساندر
الېکساندر => الکساندر
احمد => أحمد , احمد , אחמד
艾哈迈德 => أحمد
艾哈邁德 => أحمد
艾哈麥德 => أحمد
أحمد => أحمد , احمد , אחמד
マックス => マックス
макс => マックス
ماکس => マックス
maks => マックス
ماكس => マックス
მაქს => マックス
الله => الله
عبدالله => الله
yelena => yelena
marija => marija
марија => marija
мариа => marija , марыя
nikolaevitsj => nikolajewitsch , nikolayevich , nikolajevitsj
ジャック => jack , ジャック
mikalaj => мікалай
mikałaj => мікалай
мікалай => мікалай
أمين => amin
amīn => amin
ամին => amin
امين => amin
amín => amin
امین => amin
αμίν => amin
amin => amin
آمين => amin
амин => amin
əmin => amin
амін => amin
vilhelm => wilhelm , вилхелм
vilʹgelʹm => вилхелм
вильгельм => вилхелм
вільгельм => вилхелм
вилхелм => вилхелм
earl => earl
граф => earl
νοέλ => نويل
noël => نويل
νόελ => نويل
noèl => نويل
نوئل => نويل
նոել => نويل
ноэл => نويل
ноел => نويل
نويل => نويل
nöel => نويل
noel => نويل
сергійович => сергійович
сергеевич => сергійович
thomas => thomas
tomáš => thomas
tomàs => thomas
tomás => thomas
tomaš => thomas
tomas => thomas
thomàs => thomas
thomás => thomas
david => дэвид , david
george => george , earl
georges => george
олексійович => олексійович
алексеевич => олексійович
петро => петро
petro => петро
pëtr => петро , peter
пётр => петро , пётр , peter
поль => поль
nikoláï => nikolay , nikolaj
τζόν => john , джон
τζων => john , джон
τζον => john , джон
استيو => ستيف
استیو => ستيف
érïk => אריק
אריק => אריק
קארל => קארל
miĥail => mihail
wladimirowitsch => vladimirovitsj , vladimirovich
كاتو => كاتو
کاتو => كاتو
katō => كاتو
kato => كاتو
като => كاتو
kató => كاتو
duca => duke
mikhaylovich => michaylovitsj , mikhaylovich
mikhajlovitsj => michaylovitsj , mikhaylovich
joao => jean , joan , жоао , جواو , juan , ジョアン , жуан
joão => jean , joan , жоао , john , جواو , juan , ジョアン , жуан
جوزيف => جوزيف
جوزف => جوزيف
мухӏаммад => mohamed , mohammad
mohamed => mohamed , muhammed
mohámed => mohamed , muhammed
мохамед => mohamed , muhammed
петр => петро , пётр , peter
пëтр => петро
petr => петро , пётр , peter
lluis => louis , lluís
lluís => louis , lluís
luigi => louis , luigi
андрэевіч => андрійович
андрійович => андрійович
андреевич => андрійович
fréderic => frederik , frederick , friedrich
frèdèric => frederik , friedrich
frédéric => frederick , frederik , friedrich , frédéric , federico
friedrich => heinrich , federico , frederick , friedrich
σαρλ => שארל , شارل , シャルル
şarl => שארל , شارل , シャルル
شارل => شارل
шарл => שארל , شارل , シャルル
šarl => שארל , شارل , シャルル
შარლ => شارل
շառլ => שארל , شارل , シャルル
σάρλ => שארל , شارل , シャルル
nikolaevič => николаевич
јуан => jean , juan , john
frederic => frederic , federico , friedrich
federico => federico
סמית => סמית
سمیت => סמית
سميت => סמית
генрих => хайнрих
хайнріх => хайнрих
хайнрих => хайнрих
хајнрих => хайнрих
генріх => хайнрих
lucius => luci , lucio , lucius
تایلور => تیلور
تیلور => تیلور
تيلور => تیلور
تايلور => تیلور
αντόνιο => antoni
antonio => antoine , anton , antoni
antónio => antoine , anton , antoni
άντονι => antoni
antòni => antoni
antoni => antoni
antônio => antoine , anton , antoni
јури => juri
ユーリー => juri
աննե => anna
aleksandrovič => александрович
francois => francisco , francis
francis => frank , francis
françis => francis
françois => francisco , francis , frans
райт => райт
رایت => райт
рајт => райт
رايت => райт
георге => george
ґеорґе => george
георгэ => george
георг => george , georg
georg => george , georg
sergejevitsj => sergejevitsj
sergeyevich => sergejevitsj , sergeyevich
דוכס => דוכס
diaš => دياز
диаш => دياز
діаш => دياز
dias => دياز
alexandr => alexander , alexandr
jurij => juriy , juri , yury , yuri
júrij => juri , yury , yuri
matt => matt
мэтт => matt
метт => matt
gari => غاري
даниел => даниел
данієль => даниел
даниель => даниел
даниэль => даниел
даніел => даниел
даніэль => даниел
даніель => даниел
даниэл => даниел
ریان => ライアン
ryan => ライアン
ريان => ライアン
ライアン => ライアン
willem => willem
wilhelm => willem , wilhelm , william
baron => barone , lord , john
mihaíl => mihail
エミール => エミール
エーミル => エミール
ემილ => エミール
دايفيد => دايفيد
эдуард => едвард
едвард => едвард
едуард => едвард , edvard
эдўард => едвард
эдвард => едвард , edvard
алеқсандр => аляксандр , александар
аляксандр => олександр , аляксандр , аляксандар
lopez => lopez
lópez => lopez
էշլի => эшли
эшлі => эшли
أشلى => эшли
ешлі => эшли
ешли => эшли
أشلي => эшли
eşli => эшли
эшли => эшли
اشلي => эшли
ešli => эшли
اشلی => эшли
آشلي => эшли
andriej => andriej
andreĭ => andriej , andrej , andrey
andreï => andriej , andrej , andrey
إيرل => earl
ایرل => earl
ايرل => earl
adolf => adolf
adolph => adolf
իլյա => ilja , ilia
i̇lya => ilja , ilia
ilya => ilja , ilia , ilya
i̇lyä => ilja
կլոդ => クロード , клод
كلود => клод
کلود => клод
клод => クロード , клод
klod => クロード , клод
joel => joel
جوئل => joel
йоел => joel
جويل => joel
joël => joel
جویل => joel
ջոել => joel
alex => alex
àlex => alex
الکس => alex
ألكس => alex
آلکس => alex
álex => alex
άλεξ => alex
أرثر => آرتور , アーサー
ارثر => آرتور , アーサー
آرتور => آرتور
آرثر => آرتور , アーサー
ارتور => آرتور
ludwig => louis , ludwig
євген => євген
евгениј => євген
евгений => євген
karel => karel
карел => karel
スコット => スコット
անդի => アンディ
анди => アンディ
анді => アンディ
アンディ => アンディ
hoảng => hoàng
hóng => hoàng
hoàng => pous , fòng , huòng , hoàng , pope
carlo => karel , carlo
омар => omar
umar => omar
ʿumar => omar
ομάρ => omar
omár => omar
úmar => omar
ömər => omar
omar => omar
ӏумар => omar
умар => omar
უმარ => omar
ʿomar => omar
rice => rice
ռայս => райс , rice
رايس => райс , rice
رائس => райс , rice
رایس => райс , rice
anatoli => anatoly , anatoli
анатоли => anatoli
anatolij => anatolij , anatoli
анатолій => anatoli
анатолий => anatoli
павел => павел
pavlo => павел
pavel => павел , pavel
павло => павел
nicholas => nicholas
nicolás => nicholas , nikolaus
nicolas => nicholas , nikolaus
іванавіч => иванович
یوری => juri , юрий , yuri
يوري => juri , юрий , yuri
יורי => juri , юрий , yuri
matthew => matt
јохан => иоганн
иоганн => иоганн
григорьевич => григорьевич
григорович => григорьевич
paweł => pavel
pawel => pavel
petrovitsj => petrowitsch , petrovich
petrovítsj => petrowitsch , petrovich
petrovich => petrowitsch , petrovich
סטיב => סטיב
georgij => георги
georgi => георги
георги => георги
георгий => георги
георгій => георги
георгиј => георги
георгі => георги
giovanni => giovan , giovanni
heinrich => heinrich
ولیام => وليام
وليام => وليام
ويليام => وليام
ویلیام => وليام
игорь => игорь
ігор => イーゴリ , игорь
بيير => пьер
بییر => пьер
nicolaĭ => nikolaj , nicolai
nicolai => nikolaj , nicolai
nicolaï => nikolaj , nicolai
anatoly => anatolij , anatoly
лори => лори
лорі => лори
λόρι => лори
لوري => лори
lori => лори
لوری => лори
לורי => лори
prince => prince
príncipe => prince
principe => prince
viktorovich => viktorovich
viktorovitsj => wiktorowitsch , viktorovich
marco => marco
marcus => marc , marco
satō => satou , ساتو
sato => ساتو
сато => ساتو
ساتو => ساتو
sató => satou , ساتو
satô => satou , ساتو
aleksiej => aleksiej
sergéi => siergiej
siergiej => siergiej
frederick => frederic , frederick
эрнст => ernst
ернест => ernst
ernst => ernst
ернст => ernst
ernest => ernst
эрнест => ernst
cayo => cayo
gayo => cayo , gaius , gayo , gaio
хюго => هوغو
هوغو => هوغو
хуго => هوغو
hugo => هوغو , hugo
frederik => fredrik , frederik , frederick , friedrich
sachsen => sachsen
saxe => sachsen , saxe
گرین => грин
грин => грин , غرين
ґрін => грин , غرين
גרין => грин
грын => грин
грін => грин , غرين
գրին => грин , غرين
ángel => miguel
miguel => angel , miguel
àngel => miguel
gaius => cayo , gaius
peter => peter , pedro
pierre => peter , petrus , pierre
iliá => ilia , илья
ilia => ilia , илья
ilià => ilia , илья
ιλιά => ilia , илья
ίλια => ilia , илья
petrowitsch => petrowitsch
joäo => жоао , جواو , ジョアン , жуан
جؤاو => جواو
جواو => جواو
joáo => жоао , جواو , ジョアン , жуан
joāo => جواو , ジョアン , жуан
joâo => جواو , ジョアン , жуан
جيان => jean
saxônia => saxe , sassonia
saxònia => saxe , sassonia
saxónia => saxe , sassonia
saxonia => saxe , sassonia
гюго => hugo
гуґо => hugo
гюґо => hugo
гуго => hugo
michaylovitsj => michaylovitsj
jožef => josef , józef , joseph
jożef => josef , joseph
józef => josef , józef , joseph
jozef => josef , józef , joseph
ホワイト => ホワイト
elisabèt => elisabet
élisabeth => elisabet
élisabet => elisabet
elisabeth => elisabet
elisabet => elisabet
anthony => anthony
穆罕默德 => 穆罕默德
محمد => 穆罕默德
מחמד => 穆罕默德
александар => александар
aleksandar => александар
petrus => petrus , peter
michaël => michel , michael
michel => michel
շարլ => שארל , シャルル
シャルル => シャルル
vasilyevich => vasilevitsj , vasilyevich
vasiljevitsj => vasilevitsj , vasilyevich
vasilevitsj => vasilevitsj
luiĝi => louis
andréi => andrej , andrey
andréï => andrey
andrėĭ => andrey
ioannes => johannes , giovanni
іржи => иржи
jiří => иржи
իրժի => иржи
jirí => иржи
іржі => иржи
иржи => иржи
jiri => иржи
їржі => иржи
jiři => иржи
جوآن => joan
ջոան => joan
جوان => joan
hermann => hermann
herman => hermann
херманн => hermann
херман => hermann
aleksejevitsj => aleksejevitsj
alekseyevich => aleksejevitsj , alekseyevich
džek => ジャック
پاتریک => پاتریک
باتريك => پاتریک
сяргей => сяргей
aḥmad => ahmad
ахмед => ahmad
ʿahmed => ahmad
aḥmed => ahmad
ahmad => ahmad
ahmed => ahmad
àhmad => ahmad
ахмад => ahmad
carlos => karel , carlos , carles , carlo
angel => angel
александър => александър
констянтин => костянтин
костантин => костянтин
костянтин => костянтин
константин => костянтин
конштантін => костянтин
ludwik => louis , ludwik
христиан => христиан
кристиан => христиан
хрістіян => христиан
християн => христиан
крістіан => христиан
христіян => христиан
христіан => христиан
кристиян => христиан
кристіан => христиан
хрістіан => христиан
فیلیپ => فیلیپ
فيليب => فیلیپ
quinto => quinto
quintus => quinto , quintus
pyotr => pjotr
pýotr => pjotr
pjotr => pjotr
carolus => carolus
papież => paus , pope , papież
ゲイリー => ゲイリー
hendrik => henri , heinrich , hendrik
steve => stephen , steve
steven => steve
коен => коэн
коэн => коэн
koen => коэн
κόεν => коэн
کوهن => коэн
κοέν => коэн
كوهن => коэн
rita => ريتا
рыта => ريتا
ريتا => ريتا
ռիտա => ريتا
ріта => ريتا
рита => ريتا
ρίτα => ريتا
ریتا => ريتا
анры => آنری
انری => آنری
آنری => آنری
olena => елена
ołena => елена
олена => елена
səud => aziz
aziz => عزیز , aziz
саўд => aziz
saʿūd => aziz
saud => aziz
azīz => aziz
αζίζ => aziz
сауд => aziz
սաուդ => aziz
saüd => aziz
азиз => عزیز , aziz
азіз => عزیز , aziz
azíz => عزیز , aziz
саӏуд => aziz
ազիզ => عزیز , aziz
prinţesă => princess
princess => princess
prințesă => princess
prințesa => princess
prinţesa => princess
papež => pópù , paus , papež , pous , papa , pope , papież , pave
έμμα => إيما
emma => إيما
эмма => إيما
էմմա => إيما
إيما => إيما
емма => إيما
استوارت => استوارت
ستيوارت => استوارت
marya => марыя
марыя => марыя
amir => amir
امیر => amir
əmir => amir
әмир => amir
امير => amir
амир => amir
ամիր => amir
أمير => amir
amír => amir
амір => amir
vladimirovič => владимир
vladimírovič => владимир
billy => william
saint => szent , saint
sant => saint
fredéric => friedrich , frederick , frederik
sassònia => saksen , sassonia
sassonia => saksen , sassonia
dmitriy => dmitriy
пиер => пьер , פייר , ピエール
pier => пьер , ピエール
πιέρ => пьер , פייר , ピエール
πιερ => пьер , פייר , ピエール
ديرك => ديرك
дырк => ديرك
дірк => ديرك
دیرک => ديرك
դիրկ => ديرك
дирк => ديرك
dirk => ديرك
antoine => antoine
аляксандравіч => аляксандравіч
àustria => østrig
austria => austria , østrig
østrig => østrig
áustria => østrig
илия => ilia , илья
لاعب => john , لاعب
rudolf => rudolf
rudolph => rudolf
лиам => ليام
ліям => ليام
ليام => ليام
liam => ليام
ліам => ليام
լիամ => ليام
لیام => ليام
λίαμ => ليام
борбон => burbon
burbon => burbon
бурбон => burbon
jevgenij => jevgenij
yevgeny => jevgenij , yevgeny
مايكل => ميخائيل
ميخائيل => ميخائيل
میخائیل => ميخائيل
مایکل => ميخائيل
գերի => gary
гері => gary
გერი => gary
гери => gary
гэри => gary
ゲーリー => gary
ґері => gary
baviere => baviera , bavaria , bayern , beieren
baviera => baviera , bavaria
bavièra => baviera , bavaria
baviére => baviera , bavaria , bayern , beieren
bavière => baviera , bavaria , bayern , beieren
pětr => peter
петĕр => peter
петер => peter
pêtr => peter
تامپسون => تامپسون
تومسون => تامپسون
طومسون => تامپسون
هرسي => هرسي
ayan => هرسي
ایان => هرسي
حرسي => هرسي
ايان => هرسي
هرسی => هرسي
حرصی => هرسي
آيان => هرسي
حرصي => هرسي
այան => هرسي
حرسی => هرسي
آیان => هرسي
أيان => هرسي
pérez => jose
perez => jose
james => james
jimmy => james
zuan => жуан
жуан => жуан
അഹമദ => احمد
ਅਹਮਦ => احمد
আহমদ => احمد
ଅହମଦ => احمد
અહમદ => احمد
అహమద => احمد
अहमद => احمد
ಅಹಮದ => احمد
sergeevitsj => sergejevitsj , sergeyevich
كوجي => كوجي
کوجی => كوجي
kōji => كوجي
kôji => كوجي
կոջի => كوجي
koji => كوجي
قاعدة => لاعب
bavaria => bayern , bavaria
anatoliy => anatolij , anatoly , anatoli
hall => hall
холл => hall
ジョアオ => ジョアン
vladimirovna => wladimirowna
wladimirowna => wladimirowna
vladímirovna => wladimirowna
bayern => bayern
хаім => חיים
haïm => חיים
haim => חיים
حييم => חיים
حییم => חיים
хаим => חיים
háim => חיים
хаїм => חיים
חיים => חיים
pápež => pópù , papa
pacha => pacha
pachà => pacha
pachá => pacha
هریس => هریس
هاريس => هریس
جکسون => جکسون
جاكسون => جکسون
جاکسون => جکسون
სთივ => սթիվ
սթիվ => սթիվ
სტივ => սթիվ
кірк => كيرك
кирк => كيرك
կիրկ => كيرك
kirk => كيرك
كيرك => كيرك
کایل => kyle
կայլ => kyle
كايل => kyle
kyle => kyle
ivanoviĉ => ivanovich
i̇vanoviç => ivanovich
borbone => borbón , borbon , borbone
muħammed => muhammed , muhammad , mohammed
muhammed => muhammed , muhammad , mohammed
мухаммед => muhammed , muhammad , mohammed
luçio => lucius
luísa => louise , luisa
luisa => louise , luisa
luíz => luiz
луиз => luiz
люіс => luiz
luiz => luiz
stephen => stephen
філіп => филип
філіпп => филип
филипп => филип
филип => филип
nicolo => nicolò
nicolò => nicolò
niccolò => nicolò
niccoló => nicolò
niccolo => nicolò
هانت => hunt
hunt => hunt
հանտ => hunt
хант => hunt
λίλα => ዾውንስ
лила => ዾውንስ
ܕܘܢܤ => ዾውንስ
ዾውንስ => ዾውንስ
ᕤᐒᓄᔅ => ዾውንስ
ܠܝܠܐ => ዾውንስ
ዳውንስ => ዾውንስ
ዶወንሡ => ዾውንስ
ліла => ዾውንስ
լիլա => ዾውንስ
ლილა => ዾውንስ
lila => ዾውንስ
ліля => ዾውንስ
valerij => valerij , valeri
valerïý => valerij
valeriy => valerij , valeriy
νίνο => نینو
نينو => نینو
նինո => نینو
nino => نینو
niño => نینو
ніно => نینو
נינו => نینو
نینو => نینو
нино => نینو
хозе => хозе
アーサー => アーサー
мікалаевіч => николаевич
мікалаевiч => николаевич
анатольевич => анатолійович
анатольевіч => анатолійович
анатолійович => анатолійович
pape => pape
josep => josep
charlie => charlie
чэнь => chen
çénʹ => chen
чень => chen
chén => chen
chen => chen
ستیفن => استیون
ستيفن => استیون
استیون => استیون
موسي => موسى
musa => موسى
mūsā => موسى
موسى => موسى
موسی => موسى
муса => موسى
պիեր => ピエール
պիեռ => פייר , ピエール
gaio => gaius , gaio , cayo
cornelio => cornelio , corneli
cornélius => cornelio , cornelis
cornelius => cornelio , cornelis
cornélio => cornelio , corneli
sergejewitsch => sergeyevich
huòng => huòng , fòng
אוטו => אוטו
johnny => johnny
μίκι => ميكي
میکی => ميكي
мікі => ميكي
мики => ميكي
miki => ميكي
ميكي => ميكي
միկի => ميكي
ბრუს => ブルース
ブルース => ブルース
duce => duce
մորի => موري
mori => موري
морі => موري
мори => موري
موري => موري
موری => موري
mōri => موري
מורי => موري
jósef => josef
alekseevitsj => aleksejevitsj , alekseyevich
valery => valerij , waleri , valeriy
valéry => valerij , waleri , valeriy
waleri => waleri
լանգ => لانغ
لانغ => لانغ
lang => لانغ
ланг => لانغ
láng => لانغ
garcía => garcía
garcia => garcía
ιλία => илья
jarl => earl
juriy => juriy
девід => девід , дэвид
дэвид => девід , дэвид
девид => девід , дэвид
дэйвід => девід
дейвид => девід , дэвид
дејвид => девід , дэвид
дэвід => девід , дэвид
オットー => karl
ιβάν => ιβάν
роуз => rose
роўз => rose
rose => rose
როუზ => rose
rouz => rose
rosé => rose
росе => rose
שארל => שארל
boyd => boyd
بويد => boyd
בויד => boyd
بوید => boyd
louise => louise
andrew => andrew
هاوارد => هاوارد
هوارد => هاوارد
العزيز => العزيز
العزیز => العزيز
عبدالعزیز => العزيز
عبدالعزيز => العزيز
condé => count
conde => count
count => count
constantinopla => constantinopla
constantinople => constantinopla
corneli => corneli
dmitrovič => дмитриевич
dmitrievic => дмитриевич
дмитриевич => дмитриевич
дмитрович => дмитриевич
dmitrievič => дмитриевич
enrico => henri
georgius => george
gray => gray , غراي
غراي => غراي
grây => gray , غراي
هانز => هانز
ígor => イーゴリ
イゴーリ => イーゴリ
イーゴリ => イーゴリ
igor => イーゴリ , игорь
იგორ => イーゴリ
իգոր => イーゴリ
игор => イーゴリ , игорь
јован => јован
иоанн => јован
jovan => јован
i̇oann => јован
іоанн => јован
йован => јован
ioann => јован
jewgeni => yevgeny
jorj => ジョージ
ջորջ => ジョージ
ჯორჯ => ジョージ
kejt => kate
kate => kate
кэйт => kate
кејт => kate
кейт => kate
paulus => paul
пётар => пётр
петар => пётр
petar => пётр
saksen => sachsen , saxe , saksen
նինա => نينا
nīnà => نينا
nina => نينا
نينا => نينا
نینا => نينا
ніна => نينا
нина => نينا
уладзімір => владимир
ŭładzimir => владимир
уладзимир => владимир
konrád => conrad
conrad => conrad
konrad => conrad
ludvik => ludvík
ludvík => ludvík
meister => meister
master => meister
كيفن => كيفن
کوین => كيفن
gustav => gustaf
gustáv => gustaf
gustaf => gustaf
alexandrowna => alexandrowna
aleksandrovna => alexandrowna
iōannēs => johannes
jóhannes => johannes
pedro => pierre , pedro
péter => pedro
давид => дэвид
devid => дэвид
давід => дэвид
marià => dari
dari => dari
bernard => bernard
бернхард => bernard
бернард => bernard
bernhard => bernard
caio => gaius , cayo , gayo
paixà => paixà
paixa => paixà
szent => szent
грей => gray
грэй => gray
grej => gray
греј => gray
ґрей => gray
alexej => alexei , alexej
henricus => henricus
lūka => لوكا
luka => لوكا
люка => لوكا
лука => لوكا
لوكا => لوكا
لوکا => لوكا
lwka => لوكا
žorž => جورج
жорж => جورج
ζωρζ => جورج
ζορζ => جورج
ժորժ => جورج
ƶorƶ => جورج
anatolyevich => anatolyevich
anatoljevitsj => anatolyevich
gonzáles => gonzales
gonzales => gonzales
gonzalez => gonzales
gonzález => gonzales
yūki => yuki
یوکی => yuki
yuki => yuki
yûki => yuki
يوكي => yuki
كولينز => كولينز
کالینز => كولينز
خوسيه => خوزه
barón => lord
барон => lord
лорд => lord
lord => lord
beieren => beieren
карол => karol
karol => karel , karol , carlo
אחמד => אחמד
agnès => agnes
inês => agnes
ines => agnes
agnes => agnes
inés => agnes
constantín => konstantin
constantin => konstantin
konstantin => konstantin
konštantín => konstantin
zofia => zofia
sofía => zofia , sophie
žofia => zofia
sófia => zofia
sofia => zofia , sophie
pietro => pierre , peter
emperor => emperor
emperador => emperor
evgenïý => jevgenij , yevgeny
evgeniy => jevgenij , yevgeny
федір => федір
fedir => федір
fedor => федір
фёдор => федір
publio => publio , publi
públio => publi
publi => publi
frank => frank
lodewijk => ludwig
валериј => valeri
валерій => valeri
валери => valeri
valeri => valeri
валерий => valeri
würtemberg => wurtemberg
wurtemberg => wurtemberg
wurttemberg => wurtemberg
württemberg => wurtemberg
холт => هولت
holt => هولت
هولت => هولت
barone => barone
фредрик => fredrik
фредерик => fredrik
fredrik => fredrik
fransua => франсоа
fransuā => франсоа
франсоа => франсоа
fransoa => франсоа
франсуа => франсоа
šmid => شميد
شميد => شميد
шмід => شميد
шмид => شميد
элис => элис
إليس => элис
آلیس => элис
الیس => элис
еліс => элис
أليس => элис
էլիս => элис
эліс => элис
jungere => younger
younger => younger
jüngere => younger
juergen => juergen
jürgen => juergen
jurgen => juergen
mohammad => mohammad
мохаммад => mohammad
xose => խոսե
խոսե => խոսե
xosé => խոսե
quint => quinto , quintus
رابینسون => رابینسون
روبنسون => رابینسون
michailowitsch => michaylovitsj
alaksandar => аляксандар
alaksandr => аляксандар
аляксандар => аляксандар
ludvig => ludvig
یانگ => یانگ
يونغ => یانگ
ліма => lima
لیما => lima
լիմա => lima
ليما => lima
лима => lima
lima => lima
károly => karl
karoly => karl
яковлевич => яковлевич
якович => яковлевич
پیئر => פייר
پییر => פייר
פייר => פייר
igorʹ => игорь
publius => publio
guilherme => guglielmo , wilhelm , guilherme
guillaume => guilherme
ρίκι => ريكي
riki => ريكي
рики => ريكي
ريكي => ريكي
рікі => ريكي
ریکی => ريكي
ռիկի => ريكي
غرين => غرين
rusiei => rusiei
rússia => rusiei
russia => rusiei
صموئيل => صموئيل
ساموئل => صموئيل
satou => satou
јекатерина => ekaterina
jekatěrina => ekaterina
екатерина => ekaterina
ekaterina => ekaterina
jekaterina => ekaterina
էդուարդ => edvard
էդվարդ => edvard
edvard => edvard
eduard => edvard
eduárd => edvard
سوفي => سوفی
софӣ => سوفی
سوفی => سوفی
софі => سوفی
صوفي => سوفی
սոֆի => سوفی
софи => سوفی
sophie => sophie
daniel => daniel
danny => daniel
cornelis => cornelis
cornélis => cornelis
borissowitsch => borissowitsch
borisovich => borissowitsch , borisovich
borisovitsj => borisovich
wiktorowitsch => wiktorowitsch
واکر => واکر
ووكر => واکر
уорд => уорд
ward => уорд , ウォード
nyikolaj => nyikolaj
júlio => iulius
iulius => iulius
julio => iulius
אמיל => אמיל
עמיל => אמיל
亚历克斯 => alex
亞歷克斯 => alex
亚力克斯 => alex
亞歴克斯 => alex
亞力克斯 => alex
wang => wang
vương => wang
איבן => איבן
jesus => jesus
jesús => jesus
nikolaus => nikolaus
жоао => жоао
žoao => жоао
ժոաո => жоао
ζοάο => жоао
piotr => peter
carles => carles
pawlowitsch => pawlowitsch
pavlovich => pawlowitsch , pavlovich
pavlovitsj => pavlovich
муhаммед => muhammed
bjorn => bjørn
bjørn => bjørn
björn => bjørn
bavária => bayern
クロード => クロード
عزيز => عزیز
عزیز => عزیز
august => august
auguste => august
グレッグ => グレッグ
guglielmo => guglielmo
گوردون => گوردون
غوردون => گوردون
рајс => райс
rays => райс
райс => райс
rajs => райс
فوكس => فوكس
фокс => فوكس
فوکس => فوكس
foks => فوكس
հորն => هورن
horn => هورن
הורן => هورن
хорн => هورن
هورن => هورن
enric => henri
йоһан => ivan
émile => emil
emile => emil
frans => frans
wassili => wassili
vasily => wassili
فیرا => فيرا
věra => فيرا
վերա => فيرا
vera => فيرا
فيرا => فيرا
вера => فيرا
francisco => francisco
フランク => フランク
פרנק => フランク
ジェイムズ => ジェイムズ
ジェームズ => ジェイムズ
فيكتور => ویکتور
فیکتور => ویکتور
ویکتور => ویکتور
ウォード => ウォード
وارد => ウォード
fryderyk => frédéric
mijaíl => mikhail
mijail => mikhail
راسل => راسل
راسيل => راسل
joshua => joshua
josh => joshua
lyudmila => lyudmila
ljudmila => lyudmila
suecia => svezia
suècia => svezia
suécia => svezia
svezia => svezia
سفين => سفين
sven => سفين
սվեն => سفين
свен => سفين
χανς => χανς
tatjana => tatjana
tatyana => tatjana
teresa => teresa
autriche => austria
vlagyimir => vlagyimir
فاکس => فوكس
მარკ => მარკ
антон => anton
anton => anton
antón => anton
антонио => anton
giovan => giovan
кент => كينت
کینت => كينت
كينت => كينت
kent => كينت
михајлович => міхайлавіч
михайлович => міхайлавіч
міхайлавіч => міхайлавіч
svatý => saint
svätý => saint
وولف => وولف
wolf => وولف
كارى => كاري
кері => كاري
keri => كاري
كاري => كاري
кери => كاري
кэри => كاري
gregory => greg
grégory => greg
hosē => خوزه
hose => خوزه
